x_pos,y_pos,a,c,volume,Hc_measured,main_phase_composition,formula,Ms,A,K1,Hc_calculated,Mr_calculated,BHmax_calculated,measured_height,Neff
-30,-40,8.786,12.1686,939.340426,,0.34925,Nd1.301Ce0.699Fe14B,1219432.736,7.242372607,3.628851267,1804772.044,478254.7237,28031.12446,,
-25,-40,8.7842,12.1645,938.6392126,,0.3939,Nd1.212Ce0.788Fe14B,1208317.494,7.110463905,3.459101571,1734363.11,473633.799,27401.13719,,
-20,-40,8.7839,12.1638,938.5210906,,0.4017,Nd1.197Ce0.803Fe14B,1206252.608,7.086150739,3.428833267,1721793.845,472877.4201,27284.94428,,
-15,-40,8.7831,12.1621,938.2190026,,0.42135,Nd1.157Ce0.843Fe14B,1200887.825,7.02325188,3.351901801,1689824.216,470626.5246,26993.97848,615,0.292289988
-10,-40,8.7823,12.1601,937.8938393,556766.2033,0.44295,Nd1.114Ce0.886Fe14B,1194721.077,6.951417179,3.266362598,1654230.097,468129.8584,26653.7059,633,0.286358512
-5,-40,8.7817,12.1588,937.6654376,562213.3709,0.45815,Nd1.084Ce0.916Fe14B,1190211.867,6.89919649,3.205664003,1628937.194,466310.6601,26409.02386,638,0.284753363
0,-40,8.7807,12.1566,937.2822783,552518.3493,0.4822,Nd1.036Ce0.964Fe14B,1182790.194,6.813790179,3.108967423,1588578.144,463317.8678,26004.92107,639,0.28443449
5,-40,8.7798,12.1546,936.9359802,540463.8223,0.5048,Nd0.990Ce1.010Fe14B,1175494.56,6.73047044,3.017587303,1550354.256,460412.2697,25640.34324,625,0.288964733
10,-40,8.7793,12.1534,936.7367769,510435.6059,0.518,Nd0.964Ce1.036Fe14B,1171088.959,6.680451768,2.964080256,1527934.145,458707.1779,25374.3489,606,0.295348837
15,-40,8.7785,12.1517,936.4350618,,0.5365,Nd0.927Ce1.073Fe14B,1164734.789,6.60869054,2.889029896,1496430.433,456027.2778,25041.56151,577,0.305655836
20,-40,8.7775,12.1493,936.0368198,,0.5634,Nd0.873Ce1.127Fe14B,1155120.436,6.500937773,2.780020693,1450554.696,452275.5877,24532.62065,,
25,-40,8.7756,12.145,935.3004818,,0.6109,Nd0.778Ce1.222Fe14B,1137053.903,6.301023302,2.588983361,1369809.919,444889.1536,23630.69576,,
30,-40,8.7674,12.1266,932.1390336,,0.81555,Nd0.369Ce1.631Fe14B,1043121.246,5.308409248,1.835758237,1034757.879,407127.8516,19251.32076,,
-35,-35,8.8,12.2,944.768,,0,Nd2.000Ce0.000Fe14B,1265679.684,7.8106,4.5633,2197011.687,496877.5788,30845.29793,,
-30,-35,8.8,12.2,944.768,,0,Nd2.000Ce0.000Fe14B,1265679.684,7.8106,4.5633,2197011.687,496845.1557,30838.44926,,
-25,-35,8.7848,12.1657,938.8600507,,0.381,Nd1.238Ce0.762Fe14B,1211652.013,7.149850966,3.508788324,1754984.818,474970.3904,27604.47656,,
-20,-35,8.7841,12.1642,938.5946935,599458.6067,0.39785,Nd1.204Ce0.796Fe14B,1207276.401,7.098198179,3.443793732,1728006.54,473202.8214,27341.86671,656,0.279120879
-15,-35,8.7833,12.1625,938.29259,660499.6208,0.41705,Nd1.166Ce0.834Fe14B,1202081.746,7.037216707,3.368814556,1696855.416,471225.4708,27051.62571,668,0.275488069
-10,-35,8.7826,12.1608,938.0119104,647811.4592,0.4361,Nd1.128Ce0.872Fe14B,1196707.351,6.974501281,3.293588242,1665564.67,469230.6814,26759.9432,684,0.270788913
-5,-35,8.7819,12.1592,937.7389967,664964.7925,0.45305,Nd1.094Ce0.906Fe14B,1191740.469,6.916870643,3.226070905,1637443.9,466968.713,26486.89642,706,0.264583333
0,-35,8.7809,12.1569,937.3481075,679362.7457,0.4786,Nd1.043Ce0.957Fe14B,1183923.55,6.826789631,3.123484128,1594642.869,463893.1492,26066.29909,689,0.269353128
5,-35,8.78,12.155,937.009502,626523.3423,0.50015,Nd1.000Ce1.000Fe14B,1177021.145,6.747853809,3.036417771,1558237.832,461070.8213,25699.16948,725,0.259448417
10,-35,8.779,12.1527,936.6188094,595150.1961,0.5258,Nd0.948Ce1.052Fe14B,1168435.494,6.650430664,2.932439936,1514658.708,457545.629,25250.90251,652,0.280353201
15,-35,8.7782,12.1509,936.3094133,538911.6926,0.54505,Nd0.910Ce1.090Fe14B,1161727.162,6.574877001,2.85435248,1481850.946,454855.4463,24882.79496,635,0.285714286
20,-35,8.7774,12.1491,936.0000833,473924.953,0.56525,Nd0.869Ce1.131Fe14B,1154442.859,6.493380504,2.772537412,1447401.029,451953.4307,24512.18503,598,0.298122066
25,-35,8.7761,12.1462,935.4994885,,0.5975,Nd0.805Ce1.195Fe14B,1142291.799,6.358648822,2.642594197,1392517.637,446983.9326,23898.98608,,
30,-35,8.7659,12.1232,931.5588453,,0.8537,Nd0.293Ce1.707Fe14B,1022687.043,5.101581631,1.716968525,979172.0286,398936.0629,18398.99941,,
35,-35,8.76,12.11,929.292336,,1,Nd0.000Ce2.000Fe14B,935671.9099,4.2519,1.3599,832220.326,364573.8295,15202.61397,,
-40,-30,8.7907,12.1791,941.1570823,,0.2324,Nd1.535Ce0.465Fe14B,1242882.512,7.526894553,4.03395427,1972765.999,487653.8028,29418.7285,,
-35,-30,8.8,12.2,944.768,,0,Nd2.000Ce0.000Fe14B,1265679.684,7.8106,4.5633,2197011.687,496985.0703,30829.06855,,
-30,-30,8.7851,12.1665,938.9859181,,0.3726,Nd1.255Ce0.745Fe14B,1213769.467,7.174943349,3.540875397,1768294.775,475842.6198,27737.29129,,
-25,-30,8.7849,12.166,938.9045778,640953.6695,0.3778,Nd1.244Ce0.756Fe14B,1212463.668,7.159461763,3.521037716,1760065.842,475434.0226,27635.51444,648,0.281596452
-20,-30,8.7844,12.1649,938.7128215,696294.5115,0.38975,Nd1.221Ce0.779Fe14B,1209401.166,7.123247164,3.475138172,1741019.074,474222.1127,27467.82305,699,0.266526758
-15,-30,8.7836,12.1631,938.4029782,751696.2903,0.41015,Nd1.180Ce0.820Fe14B,1203974.209,7.059390831,3.395864652,1708097.917,471933.7298,27163.20574,726,0.259183673
-10,-30,8.7827,12.1611,938.056412,807113.878,0.4321,Nd1.136Ce0.864Fe14B,1197854.062,6.987851124,3.309445639,1672164.404,469545.8797,26821.09003,745,0.254254254
-5,-30,8.7818,12.1591,937.7099287,869683.0504,0.4543,Nd1.091Ce0.909Fe14B,1191367.274,6.912552976,3.221072852,1635362.627,467078.3462,26465.93133,753,0.252234359
0,-30,8.7808,12.1568,937.3190476,844556.7901,0.47985,Nd1.040Ce0.960Fe14B,1183530.919,6.822284475,3.118445081,1592537.826,463625.6296,26043.24751,765,0.249263984
5,-30,8.7798,12.1546,936.9359802,788698.6973,0.5048,Nd0.990Ce1.010Fe14B,1175494.56,6.73047044,3.017587303,1550354.255,460386.664,25614.04867,734,0.25708502
10,-30,8.7788,12.1522,936.5376008,752988.7678,0.53105,Nd0.938Ce1.062Fe14B,1166628.505,6.630031008,2.911140224,1505716.588,456804.8747,25153.70309,726,0.259183673
15,-30,8.7778,12.15,936.15474,558634.5874,0.5559,Nd0.888Ce1.112Fe14B,1157845.771,6.53138275,2.810380893,1463346.15,453246.0442,24677.41195,692,0.268498943
20,-30,8.7771,12.1485,935.8898794,515600.3068,0.57175,Nd0.857Ce1.143Fe14B,1152045.46,6.466679443,2.74626518,1436322.79,451053.7495,24375.82515,637,0.285072952
25,-30,8.7763,12.1466,935.5729368,449172.7776,0.593,Nd0.814Ce1.186Fe14B,1144025.866,6.377785675,2.660655569,1400158.184,447737.0859,23969.35084,593,0.299881936
30,-30,8.7743,12.1423,934.8155267,,0.6413,Nd0.717Ce1.283Fe14B,1124758.031,6.166779316,2.468530429,1318662.294,439945.4338,22995.76793,,
35,-30,8.7676,12.1271,932.219997,,0.80975,Nd0.381Ce1.619Fe14B,1046146.776,5.339287485,1.854584356,1042714.401,408273.3347,19383.69015,,
40,-30,8.7624,12.1154,930.2162172,,0.93995,Nd0.120Ce1.880Fe14B,973057.0218,4.611081352,1.485384183,875961.5902,379238.3648,16483.54608,,
-40,-25,8.7863,12.1693,939.4586144,,0.3413,Nd1.317Ce0.683Fe14B,1221286.278,7.264544549,3.658362124,1817003.571,478894.0265,28145.2222,,
-35,-25,8.7858,12.1681,939.259066,,0.3547,Nd1.291Ce0.709Fe14B,1218140.18,7.226941495,3.608486302,1796330.171,477603.0072,27981.92085,,
-30,-25,8.7853,12.1669,939.0595448,646910.1143,0.36815,Nd1.264Ce0.736Fe14B,1214874.018,7.188057985,3.557783569,1775307.998,476284.5023,27778.31134,650,0.280973451
-25,-25,8.7848,12.1659,938.8754852,733867.9576,0.3794,Nd1.241Ce0.759Fe14B,1212058.61,7.154664321,3.514916922,1757526.666,475209.6032,27612.46108,696,0.267368421
-20,-25,8.7845,12.1652,938.7573441,818082.4221,0.38685,Nd1.226Ce0.774Fe14B,1210152.27,7.132116936,3.48631554,1745658.543,474474.2454,27504.72536,734,0.25708502
-15,-25,8.7835,12.1628,938.3584662,908092.6334,0.4134,Nd1.173Ce0.827Fe14B,1203086.417,7.048982563,3.383137641,1702810.314,471677.4385,27109.38205,798,0.241444867
-10,-25,8.7828,12.1614,938.1009148,972979.9803,0.4288,Nd1.142Ce0.858Fe14B,1198792.8,6.998792402,3.3225042,1677597.262,469811.3811,26871.57006,819,0.236719478
-5,-25,8.7818,12.159,937.7022167,1010084.732,0.45535,Nd1.089Ce0.911Fe14B,1191053.056,6.908918989,3.216872639,1633610.001,466745.2726,26459.32012,807,0.239396795
0,-25,8.7808,12.1568,937.3190476,924375.6011,0.48005,Nd1.040Ce0.960Fe14B,1183468.01,6.821562806,3.117638685,1592201.369,463615.638,26056.13654,803,0.240302744
5,-25,8.7793,12.1535,936.7444845,960124.3057,0.5168,Nd0.966Ce1.034Fe14B,1171493.876,6.685039851,2.96894695,1529972.675,459038.8326,25396.16052,788,0.243761996
10,-25,8.7782,12.1509,936.3094133,842669.1496,0.545,Nd0.910Ce1.090Fe14B,1161744.881,6.575075924,2.854555219,1481936.199,454913.1221,24882.1418,762,0.25
15,-25,8.7774,12.1491,936.0000833,666180.4232,0.56555,Nd0.869Ce1.131Fe14B,1154332.783,6.492153234,2.771324136,1446888.975,451930.1145,24499.81833,742,0.25502008
20,-25,8.7767,12.1476,935.735251,594640.9241,0.58195,Nd0.836Ce1.164Fe14B,1148230.855,6.424315355,2.705112616,1418947.874,449371.4448,24189.10591,698,0.266806723
25,-25,8.776,12.1461,935.4704675,468492.0144,0.59875,Nd0.802Ce1.198Fe14B,1141807.89,6.353313787,2.637582006,1390393.798,446926.3152,23855.57959,633,0.286358512
30,-25,8.7752,12.1443,935.1613172,401162.9836,0.61915,Nd0.762Ce1.238Fe14B,1133773.745,6.265071251,2.556120488,1355873.928,443548.8788,23460.25708,580,0.304556355
35,-25,8.7744,12.1424,934.8445339,,0.6402,Nd0.720Ce1.280Fe14B,1125212.959,6.171720915,2.472855913,1320504.038,440170.6001,23026.11012,,
40,-25,8.7722,12.1374,933.9910492,,0.696,Nd0.608Ce1.392Fe14B,1101184.2,5.913255941,2.257439795,1228609.533,430630.0737,21856.6308,,
-40,-20,8.7862,12.1689,939.406351,,0.34585,Nd1.308Ce0.692Fe14B,1220230.081,7.251904072,3.641501163,1810016.327,478480.2625,28095.69186,,
-35,-20,8.7857,12.1678,939.2145283,649288.9545,0.3579,Nd1.284Ce0.716Fe14B,1217372.946,7.217793593,3.59647956,1791353.082,477275.7924,27920.04628,634,0.286036036
-30,-20,8.7855,12.1673,939.1331752,698204.8696,0.36365,Nd1.273Ce0.727Fe14B,1215978.878,7.201193896,3.574815733,1782371.666,476732.8344,27869.70909,688,0.269639066
-25,-20,8.7849,12.166,938.9045778,855171.7289,0.37755,Nd1.245Ce0.755Fe14B,1212526.819,7.160209925,3.52199338,1760462.165,475395.7045,27647.09539,738,0.256048387
-20,-20,8.7846,12.1653,938.7864342,960865.8753,0.3859,Nd1.228Ce0.772Fe14B,1210397.22,7.135011241,3.489971817,1747176.581,474458.8821,27532.46381,777,0.246362755
-15,-20,8.7838,12.1636,938.4842906,1049602.155,0.40495,Nd1.190Ce0.810Fe14B,1205381.403,7.075910115,3.416174301,1716535.487,472460.6182,27238.57509,803,0.240302744
-10,-20,8.7834,12.1626,938.3216703,1117443.747,0.41515,Nd1.170Ce0.830Fe14B,1202605.731,7.043351497,3.37627427,1699956.673,471314.5491,27079.76441,846,0.230909091
-5,-20,8.7822,12.16,937.864768,1126859.35,0.4447,Nd1.111Ce0.889Fe14B,1194209.071,6.945474852,3.259393639,1651329.007,468076.7532,26624.62805,875,0.224977857
0,-20,8.781,12.1572,937.3925891,1067485.466,0.47605,Nd1.048Ce0.952Fe14B,1184721.565,6.835951933,3.133758717,1598934.417,464188.4022,26105.30464,850,0.230072464
5,-20,8.7793,12.1535,936.7444845,1050819.526,0.5165,Nd0.967Ce1.033Fe14B,1171594.968,6.686185596,2.970163566,1530482.984,459038.7283,25403.6693,854,0.229241877
10,-20,8.778,12.1505,936.2359272,889432.5768,0.5497,Nd0.901Ce1.099Fe14B,1160072.574,6.556316436,2.835501537,1473920.298,454338.6407,24831.65506,825,0.235403151
15,-20,8.777,12.1483,935.8531466,809212.3303,0.57455,Nd0.851Ce1.149Fe14B,1151004.706,6.455106393,2.734958669,1431550.232,450503.4216,24341.00102,786,0.244230769
20,-20,8.7762,12.1465,935.5439143,672505.8437,0.5944,Nd0.811Ce1.189Fe14B,1143487.721,6.371843619,2.655033607,1397778.754,447490.0058,23946.47993,740,0.255533199
25,-20,8.7756,12.1451,935.308183,559174.6637,0.61015,Nd0.780Ce1.220Fe14B,1137350.007,6.304273827,2.591976617,1371078.098,445213.2318,23630.66864,670,0.274891775
30,-20,8.7753,12.1443,935.182631,441751.5527,0.61855,Nd0.763Ce1.237Fe14B,1134013.725,6.267698053,2.558506493,1356888.114,443661.4757,23464.12725,625,0.288964733
35,-20,8.7747,12.143,934.9546576,369760.9418,0.6331,Nd0.734Ce1.266Fe14B,1128131.212,6.203465648,2.500838941,1332400.727,441406.8469,23161.65855,565,0.31013431
40,-20,8.7729,12.1391,934.2709539,,0.6763,Nd0.647Ce1.353Fe14B,1109889.488,6.006304972,2.332474722,1260678.711,433908.1562,22269.81253,,
-40,-15,8.7864,12.1693,939.4799992,,0.3412,Nd1.318Ce0.682Fe14B,1221309.352,7.264820883,3.658731813,1817156.877,478889.4206,28160.94069,601,0.297076023
-35,-15,8.7858,12.1681,939.259066,715502.6762,0.35425,Nd1.291Ce0.709Fe14B,1218247.58,7.228222736,3.610171851,1797029.045,477631.9031,27964.63073,662,0.277292576
-30,-15,8.7853,12.167,939.0672629,823167.7336,0.36705,Nd1.266Ce0.734Fe14B,1215145.219,7.191280707,3.561953185,1777036.57,476429.4502,27787.04738,719,0.261048304
-25,-15,8.7852,12.1666,939.015013,927539.3191,0.3707,Nd1.259Ce0.741Fe14B,1214242.529,7.180558001,3.54810244,1771292.965,476116.009,27746.55141,769,0.248289345
-20,-15,8.785,12.1662,938.9413886,1030497.48,0.3757,Nd1.249Ce0.751Fe14B,1212992.967,7.165734228,3.529059276,1763394.035,475560.3731,27679.51034,811,0.238497653
-15,-15,8.7844,12.1649,938.7128215,1143878.191,0.38975,Nd1.220Ce0.780Fe14B,1209401.166,7.123247164,3.475138172,1741019.075,474059.4561,27463.74166,844,0.23132969
-10,-15,8.7835,12.1629,938.3661812,1138681.694,0.412,Nd1.176Ce0.824Fe14B,1203469.633,7.053474008,3.388623141,1705088.47,471670.3058,27130.37911,884,0.223198594
-5,-15,8.7825,12.1607,937.9828366,1160387.692,0.43655,Nd1.127Ce0.873Fe14B,1196577.739,6.97299342,3.291802359,1664821.299,468881.4235,26771.51804,915,0.217279726
0,-15,8.7811,12.1574,937.4293612,1161862.887,0.47305,Nd1.054Ce0.946Fe14B,1185655.333,6.846682553,3.145837377,1603977.849,464469.976,26159.72526,889,0.222222222
5,-15,8.7799,12.1547,936.9650319,1053005.445,0.5035,Nd0.993Ce1.007Fe14B,1175922.679,6.735342775,3.022852924,1552559.728,460840.3001,25629.97304,872,0.225577265
10,-15,8.7783,12.1512,936.3538636,942141.1301,0.54215,Nd0.916Ce1.084Fe14B,1162752.326,6.586391582,2.866112506,1486796.551,455598.6225,24936.34421,862,0.227598566
15,-15,8.777,12.1483,935.8531466,848775.6162,0.5743,Nd0.851Ce1.149Fe14B,1151097.827,6.456141437,2.735967896,1431976.921,450587.5538,24326.46563,821,0.23627907
20,-15,8.7761,12.1462,935.4994885,690817.4841,0.59725,Nd0.805Ce1.195Fe14B,1142388.464,6.359714826,2.643596894,1392941.313,447026.424,23904.65015,748,0.253493014
25,-15,8.7753,12.1445,935.1980322,594799.3836,0.6165,Nd0.767Ce1.233Fe14B,1134831.973,6.276658652,2.566663541,1360347.435,443961.7513,23501.40646,715,0.262125903
30,-15,8.7751,12.1439,935.1092026,427005.4241,0.6231,Nd0.754Ce1.246Fe14B,1132188.3,6.247730869,2.540429109,1349215.949,442916.2225,23398.23805,638,0.284753363
35,-15,8.7744,12.1423,934.8368349,367777.469,0.64085,Nd0.718Ce1.282Fe14B,1124944.229,6.168801637,2.470299616,1319414.93,440050.0935,23005.54294,589,0.301304864
40,-15,8.7735,12.1404,934.498819,,0.6617,Nd0.677Ce1.323Fe14B,1116184.648,6.074005608,2.388836878,1284726.424,436475.0002,22579.67911,521,0.327741935
-40,-10,8.7862,12.1689,939.406351,660551.754,0.34515,Nd1.310Ce0.690Fe14B,1220393.38,7.253857326,3.64410023,1811093.135,478647.9042,28085.90093,617,0.291618829
-35,-10,8.7857,12.1679,939.2222471,787630.5808,0.3565,Nd1.287Ce0.713Fe14B,1217709.367,7.221803748,3.601736939,1793532.59,477407.9285,27932.23955,681,0.271657754
-30,-10,8.7856,12.1675,939.1699919,902094.4771,0.36125,Nd1.278Ce0.722Fe14B,1216563.164,7.208147749,3.583871786,1786126.389,476963.9535,27867.2273,739,0.255790534
-25,-10,8.7854,12.1672,939.1040778,962128.5258,0.36405,Nd1.272Ce0.728Fe14B,1215881.161,7.200031403,3.573304497,1781744.248,476768.2575,27830.2669,792,0.242829828
-20,-10,8.7851,12.1665,938.9859181,1063750.59,0.3721,Nd1.256Ce0.744Fe14B,1213894.167,7.176423076,3.542778372,1769084.115,475876.7744,27726.40848,836,0.233027523
-15,-10,8.7847,12.1655,938.823242,1168843.968,0.38365,Nd1.233Ce0.767Fe14B,1210975.195,7.141843884,3.498620889,1750766.375,474885.2527,27555.93513,871,0.225777778
-10,-10,8.7838,12.1634,938.4688596,1196798.228,0.4062,Nd1.188Ce0.812Fe14B,1205044.626,7.071954208,3.411298313,1714511.054,472315.3581,27215.66609,888,0.222416813
-5,-10,8.7827,12.1611,938.056412,1185771.785,0.4324,Nd1.135Ce0.865Fe14B,1197768.395,6.986853217,3.308257417,1671670.533,469359.9314,26817.05067,919,0.216538789
0,-10,8.7815,12.1585,937.5995936,1198340.883,0.4614,Nd1.077Ce0.923Fe14B,1189229.51,6.887853414,3.192639734,1623507.663,465916.7668,26363.76186,940,0.212730318
5,-10,8.7802,12.1553,937.0753184,1030458.547,0.4962,Nd1.008Ce0.992Fe14B,1178307.54,6.762522905,3.052403428,1564927.701,461723.3503,25756.20191,920,0.216354344
10,-10,8.7785,12.1516,936.4273556,959091.9167,0.53725,Nd0.926Ce1.074Fe14B,1164472.759,6.605740762,2.885987434,1495151.144,455932.3562,25032.68165,867,0.226583408
15,-10,8.7771,12.1486,935.8975831,854116.6831,0.57155,Nd0.857Ce1.143Fe14B,1152119.615,6.467504454,2.747073049,1436663.054,450934.9852,24397.31173,824,0.235621521
20,-10,8.7761,12.1463,935.5071905,747188.9985,0.5971,Nd0.806Ce1.194Fe14B,1142446.445,6.360354268,2.644198554,1393195.363,447044.8095,23887.81188,794,0.242366412
25,-10,8.7752,12.1442,935.1536168,579515.4837,0.61965,Nd0.761Ce1.239Fe14B,1133573.591,6.262880801,2.554132649,1355029.642,443498.4512,23435.36912,719,0.261048304
30,-10,8.7748,12.1433,934.9990671,474533.6194,0.6301,Nd0.740Ce1.260Fe14B,1129354.86,6.216800087,2.512694915,1337438.226,441813.0696,23234.29114,672,0.274298056
35,-10,8.7746,12.1429,934.9256481,403992.8783,0.6343,Nd0.731Ce1.269Fe14B,1127640.187,6.198118741,2.4961018,1330385.842,441214.0081,23139.10198,594,0.299528302
40,-10,8.7735,12.1403,934.4911216,315932.0839,0.663,Nd0.674Ce1.326Fe14B,1115629.515,6.068021335,2.383794277,1282574.448,436214.5493,22551.4438,539,0.320302648
-40,-5,8.7859,12.1684,939.3036051,681785.9064,0.3515,Nd1.297Ce0.703Fe14B,1218901.271,7.236024737,3.6204567,1801292.653,477997.5574,27999.63188,627,0.28830874
-35,-5,8.7858,12.1679,939.243628,827796.3261,0.35615,Nd1.288Ce0.712Fe14B,1217793.289,7.222804356,3.60305021,1794077.656,477543.4153,27937.19148,691,0.268783069
-30,-5,8.7855,12.1675,939.1486122,946469.5211,0.36145,Nd1.277Ce0.723Fe14B,1216514.606,7.207569644,3.583117862,1785813.404,476945.4973,27868.03242,750,0.252988048
-25,-5,8.7855,12.1674,939.1408937,999536.0742,0.36205,Nd1.276Ce0.724Fe14B,1216368.786,7.20583382,3.580855274,1784874.541,477037.5452,27855.79034,803,0.240302744
-20,-5,8.7851,12.1666,938.9936359,1030460.548,0.37155,Nd1.257Ce0.743Fe14B,1214031.164,7.178048971,3.54487072,1769952.656,475974.5621,27750.15268,848,0.230490018
-15,-5,8.7847,12.1656,938.8309591,1085401.14,0.3821,Nd1.236Ce0.764Fe14B,1211371.583,7.146532561,3.504570429,1753233.616,474876.57,27573.35137,884,0.223198594
-10,-5,8.7837,12.1634,938.4474915,1148447.364,0.40635,Nd1.187Ce0.813Fe14B,1205004.15,7.071478858,3.410712931,1714267.538,472283.7233,27215.25867,907,0.218776916
-5,-5,8.7829,12.1616,938.137705,1245345.714,0.42685,Nd1.146Ce0.854Fe14B,1199344.409,7.005226897,3.330210191,1680802.764,470117.2252,26925.83456,917,0.216908625
0,-5,8.7815,12.1585,937.5995936,1176228.877,0.46155,Nd1.077Ce0.923Fe14B,1189184.015,6.887328384,3.192038256,1623256.838,465894.3008,26361.92702,955,0.210090984
5,-5,8.7801,12.1553,937.0539733,1045714.553,0.49665,Nd1.007Ce0.993Fe14B,1178161.47,6.760856268,3.05058279,1564166.866,461455.03,25752.33294,940,0.212730318
10,-5,8.7787,12.1521,936.508558,980235.492,0.5326,Nd0.935Ce1.065Fe14B,1166091.78,6.623978641,2.904851744,1503076.238,456772.0092,25113.29417,880,0.223985891
15,-5,8.7773,12.149,935.9710518,891578.6354,0.56635,Nd0.867Ce1.133Fe14B,1154038.976,6.488878103,2.768089053,1445525.218,451743.7092,24494.40695,857,0.228622862
20,-5,8.7761,12.1462,935.4994885,765376.5819,0.5973,Nd0.805Ce1.195Fe14B,1142369.134,6.359501652,2.643396348,1392856.656,447016.9942,23882.65615,786,0.244230769
25,-5,8.7751,12.1441,935.1246031,596087.5315,0.62135,Nd0.757Ce1.243Fe14B,1132891.907,6.255423434,2.547377417,1352164.44,443178.1166,23406.1175,746,0.254
30,-5,8.7746,12.1429,934.9256481,522043.3567,0.63405,Nd0.732Ce1.268Fe14B,1127742.558,6.199233298,2.497088454,1330805.009,441144.7617,23183.05117,681,0.271657754
35,-5,8.7744,12.1423,934.8368349,386656.4164,0.641,Nd0.718Ce1.282Fe14B,1124882.177,6.168127646,2.469709836,1319163.918,439942.7572,23002.92322,614,0.292626728
40,-5,8.7733,12.14,934.4254257,294834.2101,0.667,Nd0.666Ce1.334Fe14B,1113914.801,6.04955427,2.368307406,1275969.827,435561.544,22467.78638,547,0.31710362
-40,0,8.7858,12.1681,939.259066,682209.8503,0.3545,Nd1.291Ce0.709Fe14B,1218187.928,7.227511093,3.609235524,1796640.776,477679.3176,27996.0173,625,0.288964733
-35,0,8.7858,12.168,939.251347,820307.4848,0.355,Nd1.290Ce0.710Fe14B,1218068.513,7.226086624,3.607362204,1795864.312,477566.0653,27950.27683,689,0.269353128
-30,0,8.7856,12.1675,939.1699919,940345.9788,0.3612,Nd1.278Ce0.722Fe14B,1216575.3,7.208292236,3.584060245,1786204.619,477008.6073,27892.97757,749,0.253240279
-25,0,8.7854,12.1672,939.1040778,996303.1003,0.3644,Nd1.271Ce0.729Fe14B,1215795.58,7.199013397,3.571981725,1781195.289,476657.5757,27824.07487,798,0.241444867
-20,0,8.7852,12.1668,939.030449,1033368.432,0.3691,Nd1.262Ce0.738Fe14B,1214639.214,7.185268628,3.554179346,1773813.228,476270.6329,27771.65648,847,0.230699364
-15,0,8.7846,12.1653,938.7864342,1101608.123,0.38565,Nd1.229Ce0.771Fe14B,1210461.59,7.135771972,3.490933559,1747575.244,474496.3698,27524.17634,899,0.220294883
-10,0,8.7837,12.1633,938.4397762,1145190.791,0.4076,Nd1.185Ce0.815Fe14B,1204666.316,7.067512259,3.405832562,1712239.383,472143.3929,27196.44274,900,0.220103986
-5,0,8.7826,12.1607,938.004197,1212952.203,0.43615,Nd1.128Ce0.872Fe14B,1196692.955,6.974333801,3.293389829,1665482.085,468934.8902,26771.55473,915,0.217279726
0,0,8.7813,12.1579,937.5106194,1160827.127,0.46765,Nd1.065Ce0.935Fe14B,1187322.304,6.865865046,3.167552521,1613040.354,465154.4039,26247.49202,910,0.218213058
5,0,8.78,12.155,937.009502,1082088.676,0.50005,Nd1.000Ce1.000Fe14B,1177053.83,6.748226284,3.036822592,1558407.386,460998.6607,25695.0149,941,0.212552301
10,0,8.7786,12.1519,936.4718095,919136.9901,0.5344,Nd0.931Ce1.069Fe14B,1165466.637,6.616933179,2.897549171,1500010.439,456321.4198,25090.55879,879,0.224183583
15,0,8.7774,12.149,935.992379,844124.0643,0.56625,Nd0.868Ce1.132Fe14B,1154075.724,6.489287686,2.768493412,1445695.533,451726.415,24486.31702,836,0.233027523
20,0,8.776,12.1459,935.4550639,720458.7031,0.6011,Nd0.798Ce1.202Fe14B,1140895.524,6.343261317,2.628165034,1386407.471,446507.0719,23811.18557,785,0.244465833
25,0,8.775,12.1437,935.0724898,612431.8474,0.62575,Nd0.749Ce1.251Fe14B,1131119.22,6.236051535,2.529918453,1344754.526,442591.0662,23313.11223,727,0.25891947
30,0,8.7743,12.1422,934.8078279,479935.4864,0.64175,Nd0.717Ce1.283Fe14B,1124571.707,6.164755948,2.4667617,1317910.789,439818.4487,23004.84582,666,0.276086957
35,0,8.7741,12.1416,934.7190218,395621.422,0.6486,Nd0.703Ce1.297Fe14B,1121719.884,6.133826625,2.439895563,1306476.973,438668.5229,22847.10626,584,0.303102625
40,0,8.7729,12.1391,934.2709539,299811.9126,0.6763,Nd0.647Ce1.353Fe14B,1109889.488,6.006304972,2.332474722,1260678.711,433903.4683,22269.56401,546,0.3175
-40,5,8.7855,12.1675,939.1486122,631697.6468,0.3613,Nd1.277Ce0.723Fe14B,1216551.027,7.208003247,3.583683318,1786048.086,477253.898,27867.80172,616,0.291954023
-35,5,8.7857,12.1677,939.2068094,842756.1718,0.3585,Nd1.283Ce0.717Fe14B,1217228.406,7.216071174,3.594224304,1790419.09,477213.6589,27904.4058,679,0.272240086
-30,5,8.7853,12.1669,939.0595448,976048.5762,0.36795,Nd1.264Ce0.736Fe14B,1214923.381,7.188644498,3.558541977,1775622.191,476285.2071,27774.31725,737,0.256306761
-25,5,8.7853,12.1668,939.0518266,974984.4761,0.36875,Nd1.263Ce0.737Fe14B,1214725.784,7.186296943,3.555507561,1774364.773,476204.4309,27772.52695,789,0.243528284
-20,5,8.7848,12.1657,938.8600507,989886.7661,0.38095,Nd1.238Ce0.762Fe14B,1211664.742,7.150001624,3.50897996,1755064.227,475009.0444,27590.72371,841,0.23196347
-15,5,8.7843,12.1646,938.6683002,1083014.263,0.39345,Nd1.213Ce0.787Fe14B,1208435.502,7.111855174,3.460842799,1735086.162,473754.8204,27426.83327,867,0.226583408
-10,5,8.7834,12.1626,938.3216703,1113472.698,0.41515,Nd1.170Ce0.830Fe14B,1202605.731,7.043351497,3.37627427,1699956.679,471453.1654,27081.4631,889,0.222222222
-5,5,8.7822,12.16,937.864768,1154122.077,0.44485,Nd1.110Ce0.890Fe14B,1194165.098,6.944964661,3.258796052,1651079.982,467915.7216,26618.77461,899,0.220294883
0,5,8.7809,12.1571,937.3635283,1098425.133,0.47625,Nd1.047Ce0.953Fe14B,1184659.119,6.835234691,3.132953118,1598597.566,464074.9615,26102.7473,894,0.221254355
5,5,8.7795,12.1538,936.8102886,1066026.574,0.5133,Nd0.973Ce1.027Fe14B,1172669.847,6.698375094,2.983139187,1535924.219,459258.5757,25491.70326,893,0.221447254
10,5,8.7781,12.1506,936.2649643,870671.121,0.5487,Nd0.903Ce1.097Fe14B,1160429.522,6.560318079,2.839554835,1475627.164,454289.2402,24814.24005,864,0.227191413
15,5,8.7767,12.1475,935.727548,781639.7687,0.58375,Nd0.833Ce1.167Fe14B,1147551.023,6.416780772,2.697861213,1415885.69,449116.5526,24157.86346,843,0.231540565
20,5,8.7753,12.1443,935.182631,666733.3633,0.6187,Nd0.763Ce1.237Fe14B,1133953.751,6.26704153,2.557909931,1356634.835,443617.5845,23460.75487,772,0.247563353
25,5,8.7744,12.1424,934.8445339,574687.9374,0.63975,Nd0.721Ce1.279Fe14B,1125398.849,6.173740671,2.474626211,1321257.446,440171.7549,23041.14826,716,0.26185567
30,5,8.7742,12.142,934.7711228,463152.9551,0.64425,Nd0.712Ce1.288Fe14B,1123534.279,6.153495942,2.456943851,1313734.192,439419.2898,22950.73721,656,0.279120879
35,5,8.7737,12.1408,934.5722162,351235.1988,0.6583,Nd0.683Ce1.317Fe14B,1117631.551,6.089616052,2.40204648,1290355.366,437030.1256,22651.64907,593,0.299881936
40,5,8.7724,12.1379,934.0721159,280260.113,0.6901,Nd0.620Ce1.380Fe14B,1103816.838,5.941326674,2.279782022,1238164.61,431624.4426,21976.82557,537,0.321112516
-40,10,8.7855,12.1674,939.1408937,607330.4319,0.3625,Nd1.275Ce0.725Fe14B,1216259.28,7.204530467,3.579157529,1784170.661,476938.7437,27856.10375,598,0.298122066
-35,10,8.785,12.1663,938.9491062,753194.4155,0.37425,Nd1.252Ce0.748Fe14B,1213356.888,7.170049181,3.534589945,1765688.074,475697.2054,27690.53381,658,0.278508772
-30,10,8.785,12.1662,938.9413886,896096.3443,0.3751,Nd1.250Ce0.750Fe14B,1213143.709,7.167521316,3.531348629,1764343.092,475629.8042,27676.93929,714,0.262396694
-25,10,8.785,12.1662,938.9413886,921740.8757,0.37555,Nd1.249Ce0.751Fe14B,1213030.673,7.16618121,3.52963172,1763631.237,475520.3175,27670.11568,765,0.249263984
-20,10,8.7845,12.1652,938.7573441,942029.8615,0.38665,Nd1.227Ce0.773Fe14B,1210203.884,7.132726727,3.487085501,1745978.395,474398.9315,27514.89737,805,0.239848914
-15,10,8.7837,12.1633,938.4397762,980045.271,0.40725,Nd1.186Ce0.814Fe14B,1204761.005,7.068623868,3.407199457,1712807.074,472212.9446,27203.41494,840,0.232175503
-10,10,8.7829,12.1614,938.1222772,1022922.253,0.42865,Nd1.143Ce0.857Fe14B,1198835.313,6.999288176,3.323097247,1677844.137,469797.512,26906.70579,861,0.227802691
-5,10,8.7815,12.1584,937.5918822,1043528.732,0.4626,Nd1.075Ce0.925Fe14B,1188865.169,6.883649466,3.187827036,1621498.656,466002.7333,26330.94659,870,0.225978648
0,10,8.7801,12.1552,937.0462643,1046102.638,0.49735,Nd1.005Ce0.995Fe14B,1177934.004,6.758261406,3.047750416,1562981.352,461398.1767,25737.06733,866,0.226785714
5,10,8.7788,12.1522,936.5376008,926789.0946,0.5312,Nd0.938Ce1.062Fe14B,1166576.628,6.629445884,2.910531658,1505461.15,456805.2526,25140.34605,848,0.230490018
10,10,8.7773,12.1489,935.9633477,879161.8126,0.56735,Nd0.865Ce1.135Fe14B,1153671.163,6.484779264,2.764045868,1443821.411,451561.992,24461.48838,814,0.237827715
15,10,8.7759,12.1458,935.4260439,697365.8487,0.60275,Nd0.795Ce1.205Fe14B,1140252.885,6.336185589,2.621557875,1383610.559,446393.7402,23788.9687,797,0.241674596
20,10,8.7749,12.1434,935.0280781,614319.5441,0.62835,Nd0.743Ce1.257Fe14B,1130066.073,6.224556818,2.519619391,1340379.748,442044.1617,23257.484,767,0.24877571
25,10,8.7742,12.142,934.7711228,487012.207,0.64475,Nd0.711Ce1.289Fe14B,1123326.327,6.151240066,2.454982012,1312901.025,439387.8686,22927.8315,696,0.267368421
30,10,8.7736,12.1407,934.5432147,410326.932,0.6592,Nd0.682Ce1.318Fe14B,1117249.249,6.085489617,2.398546857,1288866.052,436889.1299,22646.37648,636,0.285393258
35,10,8.7733,12.14,934.4254257,314636.17,0.66675,Nd0.667Ce1.333Fe14B,1114022.263,6.050710843,2.369274045,1276382.96,435715.8295,22472.84228,575,0.306393245
40,10,8.7718,12.1365,933.8366238,284789.7064,0.70515,Nd0.590Ce1.410Fe14B,1097058.25,5.869381374,2.223023979,1213883.255,428849.7351,21656.33261,522,0.327319588
-40,15,8.7858,12.1681,939.259066,,0.35475,Nd1.291Ce0.709Fe14B,1218128.239,7.226799056,3.608298974,1796252.527,477632.5367,27962.09084,573,0.30713422
-35,15,8.7847,12.1656,938.8309591,684272.3177,0.38225,Nd1.236Ce0.764Fe14B,1211333.286,7.146079469,3.50399498,1752994.756,474950.1916,27583.90865,629,0.287655719
-30,15,8.785,12.1662,938.9413886,791049.5309,0.37595,Nd1.248Ce0.752Fe14B,1212930.095,7.164988946,3.528105048,1762998.68,475499.063,27662.50094,682,0.271367521
-25,15,8.7847,12.1656,938.8309591,850817.8838,0.38265,Nd1.235Ce0.765Fe14B,1211231.095,7.144870543,3.502460121,1752357.891,474826.7728,27589.11831,731,0.25786802
-20,15,8.7843,12.1647,938.6760166,875335.0191,0.3921,Nd1.216Ce0.784Fe14B,1208788.795,7.116021494,3.466063116,1737252.122,473872.558,27457.80018,770,0.248046875
-15,15,8.7835,12.1628,938.3584662,938577.4876,0.41335,Nd1.173Ce0.827Fe14B,1203100.123,7.049143177,3.383333632,1702891.911,471591.1465,27112.84202,801,0.240758294
-10,15,8.7824,12.1605,937.9460504,992317.2423,0.43905,Nd1.122Ce0.878Fe14B,1195855.437,6.964594342,3.281873872,1660688.324,468600.206,26714.07021,821,0.23627907
-5,15,8.781,12.1573,937.4002997,928096.8175,0.4746,Nd1.051Ce0.949Fe14B,1185173.571,6.84114496,3.139597993,1601371.687,464454.0297,26134.6146,830,0.234317343
0,15,8.7794,12.1537,936.7812401,912619.5253,0.5147,Nd0.971Ce1.029Fe14B,1172200.359,6.693049343,2.977462734,1533542.871,459077.2463,25435.37347,821,0.23627907
5,15,8.778,12.1505,936.2359272,819670.4153,0.54995,Nd0.900Ce1.100Fe14B,1159983.241,6.555315159,2.834488274,1473494.135,454110.2908,24803.19962,811,0.238497653
10,15,8.7768,12.1478,935.7719807,770294.6524,0.5796,Nd0.841Ce1.159Fe14B,1149115.403,6.434125779,2.714584867,1422948.475,449727.9544,24264.5367,783,0.244937319
15,15,8.7756,12.1451,935.308183,657673.7533,0.6098,Nd0.780Ce1.220Fe14B,1137488.069,6.305789718,2.593373785,1371670.841,445033.1873,23635.37807,746,0.254
20,15,8.7746,12.1428,934.9179487,665554.6994,0.63575,Nd0.729Ce1.271Fe14B,1127045.671,6.191647898,2.490381829,1327955.106,440871.6708,23113.47345,734,0.25708502
25,15,8.7739,12.1413,934.6533152,469397.0151,0.6518,Nd0.696Ce1.304Fe14B,1120377.634,6.119295047,2.427383304,1301152.373,438151.5851,22787.0158,680,0.271948608
30,15,8.7738,12.141,934.6089161,386849.586,0.655,Nd0.690Ce1.310Fe14B,1119029.007,6.104710892,2.414896381,1295830.636,437681.3268,22722.55455,623,0.289623717
35,15,8.7727,12.1385,934.1821802,281783.0408,0.6833,Nd0.633Ce1.367Fe14B,1106824.041,5.973464195,2.305672488,1249232.588,432809.3884,22121.8146,560,0.312039312
40,15,8.7707,12.134,933.4101158,,0.733,Nd0.534Ce1.466Fe14B,1084176.725,5.733316181,2.120169168,1169804.538,423548.7745,21065.79676,501,0.336423841
-40,20,8.7857,12.1677,939.2068094,,0.3587,Nd1.283Ce0.717Fe14B,1217180.178,7.21549653,3.593472274,1790106.832,477237.9477,27907.61183,,
-35,20,8.7848,12.1659,938.8754852,607670.0983,0.37885,Nd1.242Ce0.758Fe14B,1212198.023,7.156315238,3.51702183,1758400.895,475227.1576,27620.23876,593,0.299881936
-30,20,8.7847,12.1655,938.823242,662914.0485,0.3834,Nd1.233Ce0.767Fe14B,1211039.227,7.14260113,3.499580976,1751164.123,474724.1448,27559.6415,644,0.28285078
-25,20,8.7843,12.1647,938.6760166,765331.3369,0.39205,Nd1.216Ce0.784Fe14B,1208801.859,7.116175586,3.466256364,1737332.381,473834.5259,27450.85323,721,0.260512821
-20,20,8.7838,12.1636,938.4842906,787950.4449,0.40405,Nd1.192Ce0.808Fe14B,1205623.298,7.078752452,3.419682567,1717993.272,472571.2559,27251.05086,726,0.259183673
-15,20,8.7832,12.1621,938.2403669,786114.9682,0.4206,Nd1.159Ce0.841Fe14B,1201096.872,7.025695668,3.354854671,1691053.517,470739.9081,27000.63105,754,0.251984127
-10,20,8.7823,12.1601,937.8938393,839323.9763,0.4437,Nd1.113Ce0.887Fe14B,1194501.873,6.948872703,3.263376555,1652986.096,468083.6788,26640.78544,773,0.247322298
-5,20,8.7809,12.1569,937.3481075,820796.1679,0.47855,Nd1.043Ce0.957Fe14B,1183939.236,6.826969648,3.123685657,1594727.149,463779.347,26064.84891,777,0.246362755
0,20,8.7793,12.1535,936.7444845,739655.749,0.51705,Nd0.966Ce1.034Fe14B,1171409.591,6.684084673,2.967933085,1529547.621,458732.7817,25395.45095,776,0.246601942
5,20,8.7779,12.1504,936.2068908,712839.1548,0.5515,Nd0.897Ce1.103Fe14B,1159428.519,6.54909952,2.828206632,1470850.416,453887.7741,24761.42073,758,0.250988142
10,20,8.7767,12.1475,935.727548,658769.57,0.5833,Nd0.833Ce1.167Fe14B,1147721.169,6.41866606,2.699673736,1416652.356,449195.9648,24164.15366,737,0.256306761
15,20,8.7757,12.1453,935.3449018,572555.3168,0.6075,Nd0.785Ce1.215Fe14B,1138393.449,6.315735127,2.602560076,1375563.441,445473.5735,23690.54595,703,0.265412748
20,20,8.7748,12.1432,934.9913674,500358.0791,0.6308,Nd0.738Ce1.262Fe14B,1129069.842,6.213692916,2.509926864,1336262.048,441661.2704,23212.44641,659,0.278203724
25,20,8.7743,12.1421,934.8001291,402644.8469,0.64375,Nd0.713Ce1.287Fe14B,1123742.076,6.155750528,2.458906271,1314567.924,439574.7786,22954.45155,642,0.283482143
30,20,8.7735,12.1404,934.498819,299813.9576,0.662,Nd0.676Ce1.324Fe14B,1116056.634,6.072625386,2.387672798,1284228.911,436389.1079,22579.45949,588,0.301662708
35,20,8.772,12.1369,933.909987,262736.6466,0.70075,Nd0.598Ce1.402Fe14B,1099048.862,5.890531155,2.23953746,1220950.738,429539.5482,21768.5118,531,0.323566879
40,20,8.7697,12.1317,933.020393,,0.75835,Nd0.483Ce1.517Fe14B,1072027.314,5.606218113,2.029314348,1130013.884,418670.6273,20510.49077,,
-40,25,8.7851,12.1664,938.9782003,,0.37355,Nd1.253Ce0.747Fe14B,1213532.121,7.17212757,3.537257554,1766795.515,475755.8026,27696.16471,,
-35,25,8.784,12.1639,938.5501757,,0.40075,Nd1.199Ce0.801Fe14B,1206506.063,7.089131934,3.432528432,1723329.122,472941.0714,27297.97488,,
-30,25,8.7835,12.1629,938.3661812,579756.4392,0.4118,Nd1.176Ce0.824Fe14B,1203524.281,7.054114669,3.389406404,1705414.065,471746.2667,27133.40065,599,0.297772567
-25,25,8.7834,12.1627,938.3293851,607552.4171,0.4145,Nd1.171Ce0.829Fe14B,1202784.487,7.045445209,3.378824358,1701016.097,471495.1541,27101.51326,636,0.285393258
-20,25,8.783,12.1618,938.1744962,663509.8812,0.4241,Nd1.152Ce0.848Fe14B,1200118.406,7.014262222,3.341064096,1685317.152,470411.5517,26970.98151,674,0.273706897
-15,25,8.7827,12.1611,938.056412,718275.5476,0.43195,Nd1.136Ce0.864Fe14B,1197896.875,6.988349875,3.310039683,1672411.39,469635.8422,26826.26081,701,0.265968586
-10,25,8.7817,12.1588,937.6654376,698001.251,0.4577,Nd1.085Ce0.915Fe14B,1190347.379,6.900762159,3.20746617,1629688.571,466474.5822,26425.92237,718,0.261316872
-5,25,8.7803,12.1558,937.1352106,709051.7744,0.49155,Nd1.017Ce0.983Fe14B,1179809.691,6.779676551,3.071208287,1572793.923,462160.1039,25836.48447,725,0.259448417
0,25,8.779,12.1527,936.6188094,713875.8943,0.5259,Nd0.948Ce1.052Fe14B,1168401.233,6.650043548,2.932034238,1514488.317,457601.3701,25270.64883,722,0.260245902
5,25,8.7777,12.1499,936.1257053,639230.2347,0.55675,Nd0.887Ce1.113Fe14B,1157538.64,6.527947876,2.806938413,1461895.677,453216.4515,24664.77765,708,0.264033264
10,25,8.7765,12.1471,935.6540917,584668.4113,0.5878,Nd0.824Ce1.176Fe14B,1146014.083,6.399763969,2.681558702,1408996.49,448478.7371,24082.11459,684,0.270788913
15,25,8.7755,12.145,935.279166,484950.1756,0.61165,Nd0.777Ce1.223Fe14B,1136757.45,6.297769797,2.585991029,1368543.37,444878.6556,23602.14157,652,0.280353201
20,25,8.775,12.1437,935.0724898,400913.4805,0.6256,Nd0.749Ce1.251Fe14B,1131179.85,6.236713612,2.530513035,1345006.862,442493.0418,23350.56615,614,0.292626728
25,25,8.7741,12.1418,934.7344187,353075.6973,0.6467,Nd0.707Ce1.293Fe14B,1122513.827,6.142429821,2.447336433,1309645.807,439062.7526,22896.49041,570,0.308252427
30,25,8.7725,12.1382,934.1164987,315974.74,0.68655,Nd0.627Ce1.373Fe14B,1105390.383,5.958133171,2.293280019,1243933.312,432454.6533,22052.02158,547,0.31710362
35,25,8.7702,12.1328,933.2113955,,0.7462,Nd0.508Ce1.492Fe14B,1077900.938,5.667516718,2.07250884,1149342.22,421009.6185,20776.87637,,
40,25,8.7663,12.1241,931.713027,,0.8433,Nd0.313Ce1.687Fe14B,1028349.53,5.158598991,1.748451218,995032.2753,401253.6604,18624.21742,,
-40,30,8.7899,12.1772,940.8389911,,0.25345,Nd1.493Ce0.507Fe14B,1239257.08,7.482311596,3.966115864,1944586.06,486123.1564,29183.58598,,
-35,30,8.8,12.2,944.768,,0,Nd2.000Ce0.000Fe14B,1265679.684,7.8106,4.5633,2197011.687,496832.926,30833.8446,,
-30,30,8.7825,12.1607,937.9828366,,0.4372,Nd1.126Ce0.874Fe14B,1196390.305,6.970813259,3.289222076,1663748.153,468943.6233,26741.9294,,
-25,30,8.7832,12.1621,938.2403669,523177.0084,0.42075,Nd1.158Ce0.842Fe14B,1201055.09,7.025207183,3.354264197,1690807.669,470710.1003,26994.99329,587,0.302021403
-20,30,8.7828,12.1612,938.0854873,580844.4785,0.43095,Nd1.138Ce0.862Fe14B,1198181.947,6.991671427,3.313998835,1674058.947,469542.9782,26838.57605,618,0.291284404
-15,30,8.7823,12.1601,937.8938393,576380.3114,0.4431,Nd1.114Ce0.886Fe14B,1194677.264,6.950908552,3.265765469,1653981.236,468286.3813,26647.91861,642,0.283482143
-10,30,8.7814,12.158,937.5396833,580202.3206,0.4662,Nd1.068Ce0.932Fe14B,1187766.893,6.870986796,3.173377318,1615472.636,465337.7322,26276.52356,658,0.278508772
-5,30,8.7802,12.1554,937.0830276,610182.1017,0.4955,Nd1.009Ce0.991Fe14B,1178534.515,6.765113137,3.055235258,1566112.295,461770.8011,25773.22389,665,0.276387378
0,30,8.7792,12.1531,936.6923151,590136.8017,0.52095,Nd0.958Ce1.042Fe14B,1170089.789,6.669138062,2.952114911,1522914.247,458252.1984,25322.33595,661,0.277595628
5,30,8.7777,12.1499,936.1257053,550201.7442,0.5566,Nd0.887Ce1.113Fe14B,1157592.872,6.528554319,2.807545881,1462151.449,453310.8333,24663.45312,648,0.281596452
10,30,8.7768,12.1479,935.779684,490768.8935,0.57915,Nd0.842Ce1.158Fe14B,1149284.395,6.436000958,2.716399347,1423715.612,449802.9518,24240.68074,658,0.278508772
15,30,8.7761,12.1463,935.5071905,402669.5968,0.5972,Nd0.806Ce1.194Fe14B,1142407.793,6.359927986,2.643797444,1393025.993,447021.5885,23893.26696,599,0.297772567
20,30,8.7752,12.1443,935.1613172,361046.8245,0.61915,Nd0.762Ce1.238Fe14B,1133773.745,6.265071251,2.556120488,1355873.944,443655.0668,23448.82597,563,0.310893513
25,30,8.7736,12.1406,934.5355171,277614.4236,0.6599,Nd0.680Ce1.320Fe14B,1116951.553,6.082277308,2.395826396,1287703.993,436825.8005,22615.56224,524,0.326478149
30,30,8.7694,12.1311,932.9104179,,0.7658,Nd0.468Ce1.532Fe14B,1068379.721,5.5682873,2.003164874,1118089.616,417184.745,20347.5745,,
35,30,8.7622,12.1149,930.1353656,,0.94545,Nd0.109Ce1.891Fe14B,969729.9459,4.578769355,1.472577064,871968.8221,377922.2991,16361.12843,,
40,30,8.76,12.11,929.292336,,0.99995,Nd0.000Ce2.000Fe14B,935704.0107,4.252204815,1.359990792,832220.8858,364611.2473,15194.95845,,
-35,35,8.8,12.2,944.768,,0,Nd2.000Ce0.000Fe14B,1265679.684,7.8106,4.5633,2197011.687,496905.4157,30837.12859,,
-30,35,8.8,12.2,944.768,,0,Nd2.000Ce0.000Fe14B,1265679.684,7.8106,4.5633,2197011.687,496875.8747,30822.54925,,
-25,35,8.7832,12.1621,938.2403669,,0.42105,Nd1.158Ce0.842Fe14B,1200971.485,7.024229803,3.353083098,1690315.907,470669.1454,26999.91545,,
-20,35,8.7831,12.1621,938.2190026,485558.8335,0.4216,Nd1.157Ce0.843Fe14B,1200818.067,7.022436527,3.350917236,1689414.608,470640.236,26986.7655,559,0.312423124
-15,35,8.7824,12.1604,937.9383373,486332.368,0.4402,Nd1.120Ce0.880Fe14B,1195521.905,6.960718212,3.277302889,1658786.364,468466.3729,26692.99617,565,0.31013431
-10,35,8.7816,12.1586,937.6286594,460810.5788,0.4595,Nd1.081Ce0.919Fe14B,1189804.591,6.894492314,3.200255744,1626682.912,466152.3426,26381.46024,595,0.299175501
-5,35,8.7804,12.156,937.1719761,485956.9662,0.4891,Nd1.022Ce0.978Fe14B,1180595.836,6.788664326,3.081109614,1576934.119,462476.8075,25882.03869,600,0.297423888
0,35,8.7796,12.1542,936.8624621,449578.631,0.50905,Nd0.982Ce1.018Fe14B,1174087.729,6.714474257,3.000367037,1543142.285,459819.3919,25556.23126,598,0.298122066
5,35,8.7787,12.1521,936.508558,384623.112,0.5323,Nd0.935Ce1.065Fe14B,1166195.778,6.625151119,2.906068861,1503588.21,456671.937,25122.76118,586,0.302380952
10,35,8.7777,12.1498,936.1180005,335425.8594,0.55725,Nd0.886Ce1.114Fe14B,1157357.767,6.525925501,2.804913609,1461043.704,453054.2691,24650.8411,568,0.309002433
15,35,8.7761,12.1461,935.4917865,285839.6302,0.59845,Nd0.803Ce1.197Fe14B,1141924.116,6.354594957,2.638784734,1390902.893,446854.5526,23861.68036,542,0.319095477
20,35,8.7744,12.1424,934.8445339,281536.3365,0.64025,Nd0.719Ce1.281Fe14B,1125192.297,6.171496432,2.472659241,1320420.129,440282.3817,23029.76367,511,0.332026144
25,35,8.7721,12.1373,933.96206,,0.6972,Nd0.606Ce1.394Fe14B,1100646.08,5.907525488,2.252909835,1226670.682,430198.3083,21826.02243,,
30,35,8.76,12.11,929.292336,,1,Nd0.000Ce2.000Fe14B,935671.9099,4.2519,1.3599,832220.3264,364565.664,15206.86509,,
35,35,8.76,12.11,929.292336,,1,Nd0.000Ce2.000Fe14B,935671.9099,4.2519,1.3599,832220.3281,364557.5888,15200.09305,,
-30,40,8.7853,12.167,939.0672629,,0.36665,Nd1.267Ce0.733Fe14B,1215243.657,7.192450727,3.563468421,1777665.347,476461.9754,27798.81981,,
-25,40,8.7809,12.1571,937.3635283,,0.4767,Nd1.047Ce0.953Fe14B,1184518.526,6.833620044,3.131140363,1597839.986,464042.4973,26109.94499,,
-20,40,8.7811,12.1574,937.4293612,,0.4737,Nd1.053Ce0.947Fe14B,1185453.482,6.844362045,3.143221193,1602885.46,464489.074,26143.18482,,
-15,40,8.7815,12.1584,937.5918822,,0.4626,Nd1.075Ce0.925Fe14B,1188865.169,6.883649466,3.187827036,1621498.67,465782.3463,26329.48874,,
-10,40,8.7808,12.1568,937.3190476,385478.8046,0.4799,Nd1.040Ce0.960Fe14B,1183515.194,6.822104079,3.118243486,1592453.714,463808.5972,26038.31473,,
-5,40,8.7799,12.1547,936.9650319,397787.4816,0.50295,Nd0.994Ce1.006Fe14B,1176103.495,6.737401236,3.025080419,1553491.634,460637.3689,25666.79652,,
0,40,8.7791,12.153,936.663269,333671.5296,0.52235,Nd0.955Ce1.045Fe14B,1169613.741,6.663751623,2.946435866,1520532.389,458179.9252,25308.38892,,
5,40,8.7775,12.1494,936.0445242,281872.9798,0.5619,Nd0.876Ce1.124Fe14B,1155668.274,6.507051507,2.786089938,1453113.398,452374.5743,24568.33053,,
10,40,8.7757,12.1454,935.3526031,271292.701,0.6066,Nd0.787Ce1.213Fe14B,1138746.836,6.319619165,2.606156994,1377088.654,445548.4887,23702.66691,,
15,40,8.7735,12.1403,934.4911216,,0.66295,Nd0.674Ce1.326Fe14B,1115650.886,6.068251658,2.383988139,1282657.022,436307.6086,22558.17707,,
20,40,8.7712,12.1352,933.6088632,,0.7202,Nd0.560Ce1.440Fe14B,1090157.64,5.796321099,2.167071336,1189915.445,426153.7862,21337.83043,,
25,40,8.7683,12.1287,932.4918717,,0.79235,Nd0.415Ce1.585Fe14B,1055095.234,5.431009373,1.91219263,1070502.664,411965.1545,19772.01328,,
30,40,8.76,12.11,929.292336,,1,Nd0.000Ce2.000Fe14B,935671.9099,4.2519,1.3599,832220.3242,364687.3943,15188.10577,,
