composition,Ms
Ba(GdS2)2,698759.4974746987
Ba2CeNbO6,57175.31661138887
Ba2CeTaO6,56918.10271553001
Ba2ErRuO6,187165.87341996835
Ba2Eu3Si7,644113.3598895904
Ba2EuCl7,186367.55380685217
Ba2EuCu3O7,311580.6004019867
Ba2EuNbO6,346089.4767288619
Ba2EuReO6,462611.1441013971
Ba2EuSbO6,347423.0757084804
Ba2EuTaO6,347049.3797097134
Ba2Gd2Co4O11,942855.1826860866
Ba2Gd2Si4O13,438411.5093686082
Ba2GdB2ClO6,329263.7238760226
Ba2GdC2(O2F)3,316564.8028232558
Ba2GdCl7,226056.32973889564
Ba2GdCu3O7,357134.86494002305
Ba2GdGaSe5,236673.5939759816
Ba2GdGaTe5,195301.92016245655
Ba2GdNbO6,408504.95730732917
Ba2GdSbO6,337733.26395798504
Ba2Ho2Co4O11,473874.9697516355
Ba2HoReO6,123120.75840381463
Ba2HoRuO6,185972.96602106784
Ba2LaIrO6,114176.76703199552
Ba2LaReO6,113362.69208379494
Ba2LaRuO6,172896.77005995836
Ba2LuRuO6,190755.18583685823
Ba2Nd2Co4O11,155880.81812961187
Ba2NdIrO6,116950.14047590052
Ba2NdMoO6,57247.99056488784
Ba2NdRuO6,174941.98492390104
Ba2PrIrO6,117650.25910641605
Ba2PrPtO6,57568.0709036171
Ba2PrRuO6,174886.67558720548
Ba2SmMoO6,58112.173688318755
Ba2SmOsO6,177630.1428729734
Ba2Tb2Co4O11,470174.1261214167
Ba2Tb2Mn4O11,601481.141467
Ba2TbIrO6,122362.34112487287
Ba2TmReO6,124874.55533581384
Ba2TmRuO6,188620.9155332366
Ba2YCoO5,247591.34976293027
Ba2YFe3O8,728806.5721939502
Ba2YFeO5,296010.3875596647
Ba2YIrO6,122896.41237191255
Ba2YOsO6,183205.6726144834
Ba2YReO6,121781.7216195462
Ba2YRuO6,184219.58671821895
Ba2YbReO6,128117.42180238491
Ba2YbRuO6,195082.36245831117
Ba2YbSbO6,57671.915940265644
Ba3CeRu2O9,81205.5935310003
Ba3DyRu2O9,121975.72861893622
Ba3ErRu2O9,125218.68881336424
Ba3EuRu2O9,404035.01323500596
Ba3GdInS6,214266.14206812656
Ba3LaRu2O9,118837.39633253124
Ba3LuRu2O9,126864.33664612434
Ba3NaEu3(Si3O10)2,323001.3157715322
Ba3NaGd3(Si3O10)2,386120.1437429963
Ba3NdRu2O9,119315.1467905631
Ba3PrRu2O9,118294.24632374723
Ba3Sc4(CuO4)3,90804.05154564785
Ba3SmRu2O9,120634.40866944051
Ba3TbRu2O9,123338.26937296354
Ba3YIr2O9,74322.66511972444
Ba3YRu2O9,123701.32156206458
Ba4CeMn3O12,285006.54798757005
Ba4Er(RuO4)3,155582.95866853194
Ba4Ho(RuO4)3,154589.90616913993
Ba4NdMn3O12,308705.2417301907
Ba4Pr(RuO4)3,149013.84028524655
Ba4PrMn3O12,306491.6560877007
Ba4Tb(RuO4)3,153320.60796130632
Ba4Y2Fe2O11,238124.81302300585
Ba5Eu8Zn4O21,759560.661325733
Ba5Gd8Zn4O21,901780.1473514658
Ba5Ho8Mn4O21,328724.06553449517
Ba5Nd8Mn4O21,300464.88284737855
Ba5Sm8Mn4O21,309550.47210926504
Ba5Y8Mn4O21,323448.5972162272
Ba6Y2Co4O15,337457.82335177733
Ba8Eu7Cl34,294830.880024822
BaCe2MnS5,284608.4620903533
BaCe2O4,152118.40148389334
BaCe2ZnS5,86744.20909024308
BaCeC2O6F,63511.43978467382
BaCeI4,51218.23285131885
BaDy2CoO5,205230.73564451997
BaDy2CuO5,73370.27371412292
BaDy2MnO5,353965.3572731835
BaDy2NiO5,146958.7277557022
BaDyFe2O5,683457.1553333402
BaDyFe4O7,833223.8298487973
BaEr2CoO5,129277.05889409166
BaEr2CuO5,74349.45038953787
BaEr2NiO5,149836.16778184546
BaErFe4O7,845817.5681952371
BaErMn2O5,668247.923980937
BaEu2CoO5,1048021.3610725959
BaEu2Mn2O7,1166611.991980859
BaEu2NiO5,982390.5690876523
BaEu2Sc2O7,641736.6568392863
BaEu2ZnO5,822189.53106468
BaEuFe2O5,1201111.3404829768
BaGd2CoO5,1221906.5120784435
BaGd2Mn2O7,604940.1414208638
BaGd2O4,1140765.8427627697
BaGd2PdO5,1006196.1931118065
BaGd2PtO5,972198.84534338
BaGd2Sc2O7,761980.3745067159
BaGd2Si3O10,583386.2480663854
BaGd2ZnO5,979767.7679562008
BaGdAuSe3,389468.3217333529
BaGdCl5,352507.76705577003
BaGdCo2O5,998862.5369446278
BaGdCuS3,455733.18131852295
BaGdCuSe3,404739.3472427292
BaGdCuTe3,146796.89506324063
BaHo2CoO5,73708.65751849368
BaHo2CuO5,75084.6365235706
BaHo2NiO5,148610.16803517548
BaHoCo4O7,656874.8170005071
BaHoFe4O7,842247.7831934898
BaLa(CoO3)2,303285.45115839416
BaLa2CoS5,129047.29406645481
BaLa2FeS5,171060.13264655293
BaLa2MnS5,208884.2659851751
BaLaMn2O6,520727.87477042404
BaLu2CoO5,76792.44305834977
BaLu2CuO5,77153.74710810884
BaLuCo4O7,674389.0651063172
BaLuFe4O7,849693.7464971446
BaLuFeCuO5,390391.0573907795
BaNaCe2C4O12F,69634.68254183972
BaNaEu(SiO3)3,261319.79759619787
BaNd2CoO5,206277.20945995007
BaNd2CoS5,132775.72309141533
BaNd2CuO5,68877.87694926902
BaNd2FeS5,176014.96910147727
BaNd2Mn2O7,457484.5459195296
BaNd2MnS5,214745.56314389265
BaNd2NiO5,135760.8776375578
BaNdCo2O5,444431.40404891834
BaNdFe2O5,660070.3928899502
BaNdMn2O5,650205.5926499566
BaNdMn2O6,527920.6816781766
BaPr(CoO3)2,481564.18033010646
BaPr2CoS5,130966.78375767745
BaPr2CuO5,67632.32436905475
BaPr2FeS5,173691.40014943166
BaPr2NiO5,133310.64331163457
BaPrMn2O5,645152.8225484586
BaPrMn2O6,525016.8061119374
BaPrO3,97798.193816632
BaSm(CoO3)2,463663.92731004907
BaSm2CoO5,207610.77439883695
BaSm2CuO5,69411.19844087538
BaSm2FeS5,179902.32273045767
BaTb2Mn2O7,468924.6207986922
BaTb2NiO5,145493.647221662
BaTbF6,71600.8301069488
BaTbMn2O5,670918.6053858305
BaTbMn2O6,535844.1281128832
BaTbO3,105707.75220530358
BaTm2CoO5,75544.00208643926
BaTm2CuO5,76478.93697480838
BaTm2NiO5,152071.44954916247
BaTmCo4O7,591672.6831432431
BaTmFe4O7,840993.4145742484
BaY2CoO5,72494.91115155946
BaY2CuO5,71904.7215112758
BaY2NiO5,146060.96404867654
BaYCo2O5,438297.9012958961
BaYCo4O7,652270.6631204692
BaYFe2O5,688809.0289876659
BaYFe4O7,841157.5388604356
BaYFeCuO5,381095.61274819827
BaYFeO4,464675.37444460555
BaYMn2O6,533441.5189665597
BaYb2NiO5,157119.3757489502
Ca2ScOsO6,226121.41432587564
Ca4GdB3O10,280209.1390083849
Ca4YFe5O13,792353.8298739571
CaEu2(CuO3)2,892238.0043006811
Ce(AgGe)2,71045.82906229503
Ce(Al10Co)2,64516.96983436605
Ce(AlAu)2,95321.3482446533
Ce(AlGa)2,92721.35767618065
Ce(AlGe)2,87049.27147368577
Ce(AlPd)2,95859.554254225
Ce(AlZn)2,97148.74366828415
Ce(AsPd)2,59584.13752074552
Ce(AsRh)2,77201.24206128481
Ce(BC)2,108646.01162775997
Ce(BIr)2,142568.282388146
Ce(BIr)4,59123.218875078994
Ce(BO2)3,95001.30642160983
Ce(CO2)3,128166.34952888901
Ce(CuGe)2,86558.96813627027
Ce(CuSb)2,96319.31489519936
Ce(CuSi)2,71596.26372149015
Ce(CuSn)2,83615.43920579163
Ce(FeGe)2,657853.2104396618
Ce(GaPd)2,107619.01179388184
Ce(GeAu)2,95476.81549915817
Ce(GeIr)2,88904.71884880835
Ce(GePd)2,92999.17137973152
Ce(GePt)2,88850.93810260989
Ce(GeRh)2,84285.09529587696
Ce(MgSi)2,84579.93659955588
Ce(N4O9)2,93803.06823741863
Ce(NiAs)2,50840.87461710857
Ce(NiGe)2,87062.12227624691
Ce(NiSb)2,87270.16233314671
Ce(PIr)2,58114.05854082788
Ce(PO3)3,52103.807319888074
Ce(PPt2)2,68472.99014887252
Ce(SiAg)2,91072.89765986335
Ce(SiAu)2,104424.6013060119
Ce(SiAu2)2,60308.21781503441
Ce(SiIr)2,70713.88375399113
Ce(SiNi)2,63747.04039492419
Ce(SiOs)2,106393.56972827029
Ce(SiPd)2,89152.34090262839
Ce(SiPt)2,74862.50416103481
Ce(SiRh)2,72993.07199818737
Ce(SiRu)2,93520.21186482694
Ce(Sn2Pd)2,55354.952983110095
Ce(SnIr)2,67681.91729275703
Ce(SnPd)2,85064.64920624634
Ce(SnPt)2,75704.62644660434
Ce(SnRh)2,76653.35067109065
Ce(ZnAu2)2,68123.7153400575
Ce0.178Nd1.82Fe14B1,1242000.0
Ce0.1Pr0.3Nd1.6Fe12Co2B1,1257324.0504259733
Ce0.1Pr0.3Nd1.6Fe14B1,1241408.5561167838
Ce0.44Nd1.56Fe14B1,1268000.0
Ce0.5Nd1.5Fe14B1,1066891.0186377505
Ce0.76Nd1.24Fe14B1,1200000.0
Ce10Ga5Br4,195804.0234777165
Ce10S14O,164896.72209523438
Ce10S19,138586.34690521308
Ce10Se14O,93095.52268890225
Ce10Se19,108271.9527668507
Ce10Si8O3,225228.5314841259
Ce11In9Ni4,81694.48825710198
Ce11Nd(Fe41B3)2,905000.0
Ce11O20,81370.18631399561
Ce12(ReC3)5,61992.8153084132
Ce12C6I17,101608.13417198838
Ce12InPt7,112818.69343158731
Ce16Ru9,62621.70348327508
Ce18C18Cl11,166170.989847912
Ce2(GeO3)3,104116.26074995198
Ce2(N2O9)3,118674.62159070862
Ce2(SeO3)3,85631.16821769097
Ce2(WO4)3,71144.84054772876
Ce2(Zn2Ge)3,91665.545490205
Ce2(ZnGe2)3,86982.0510533826
Ce2Al3Ge4,111928.998731682
Ce2AlGe6,67176.8630052168
Ce2AlRu2,57019.55424180259
Ce2AlSi2O9,54103.320644568565
Ce2Au,229383.46217706133
Ce2B8O15,84338.13201221652
Ce2Bi,317040.9092796007
Ce2BiN,173640.17657567703
Ce2BiO2,129536.69790656086
Ce2Br3N,113021.84348810726
Ce2Br5,121304.16099182918
Ce2C2Cl,163963.47039877527
Ce2Cd(SeO)2,123392.06091585787
Ce2CdCu2,139056.34399714996
Ce2CdPd2,162304.07155891784
Ce2CdPt2,157292.26333064382
Ce2Co12P7,174732.00257261848
Ce2Cr0.2Co16,1101000.0
Ce2Cr0.5Co16,1118000.0
Ce2Cr1.5Co16,1138000.0
Ce2CrN3,348125.4086192413
Ce2CuBiS5,91520.68757645812
Ce2CuGe6,50499.308743904694
Ce2Fe(SeO)2,407411.46882878424
Ce2Fe14B,931056.4170875876
Ce2Fe2S2O3,617668.1108787663
Ce2Fe2Se2O3,585873.4943825151
Ce2Ga10Ni,62345.80571770884
Ce2Ga10Pd,71363.71582636597
Ce2Ga12Cu,69290.84153237352
Ce2Ga12Ni,61120.45414542063
Ce2Ga12Pd,59496.05171780222
Ce2H8S3O16,60350.396552514234
Ce2Hf0.2Co16,1018000.0
Ce2Hf0.4Co16,1036999.9999999999
Ce2Hf0.6Co16,1059000.0
Ce2HfCo16,1081000.0
Ce2HfS5,108288.99637478261
Ce2HfSe5,94421.46070311146
Ce2In,310353.9026493695
Ce2In3Ru2,63461.87876084886
Ce2In8Pd,70990.89118588329
Ce2In8Pt,73059.2557356654
Ce2InCuSe5,85507.45219241851
Ce2InGe2,139804.5324735259
Ce2InPd2,139825.0528744728
Ce2InPt2,125026.66641603381
Ce2MgCu2,119454.17346963393
Ce2MgGe2,148555.38880136173
Ce2MgSi2,146082.79806823525
Ce2Mn2Se2O3,683330.0740961209
Ce2Mn3Cu9As7,387973.4217476939
Ce2Mn3Cu9P7,378657.5326870576
Ce2MnN3,446780.3281672884
Ce2Mo4O15,55503.3728201744
Ce2NCl3,129013.58469789206
Ce2Nd4Fe41B3,1276000.0
Ce2NiB10,112478.44966497728
Ce2O3,189958.51331694302
Ce2P2AuO,136006.96279488996
Ce2P3Au,134464.7385199495
Ce2PPt8,85203.20956935757
Ce2Pd2Pb,149939.09441981537
Ce2ReC2,156242.94855983788
Ce2S4O17,55023.762269890925
Ce2SO2,196749.60127746165
Ce2Sb,314528.35650366335
Ce2SbO2,133519.747276839
Ce2Sc3Si4,170592.76027018065
Ce2SeF4,163199.55745601185
Ce2Si2O7,78948.42422157746
Ce2SiS5,102140.82219006766
Ce2SiSeO4,145433.30513814537
Ce2SiTeO4,140283.31171433596
Ce2Sn5,97340.19084858088
Ce2SnS5,96258.03836466357
Ce2SnSe4,91781.14568559598
Ce2Te3,109996.07072228452
Ce2Te4O11,68098.28151847956
Ce2TeO2,173993.77858825095
Ce2ThS5,97079.77962991368
Ce2Ti0.2Co16,899000.0
Ce2Ti0.3Co16,827000.0
Ce2Ti0.6Co16,755000.0
Ce2Ti2SiO9,106229.93757799017
Ce2TiCo16,928000.0
Ce2US5,201435.76572308436
Ce2USe5,176728.41328184996
Ce2WC2,115453.20342535735
Ce2Zn(SeO)2,130517.8864271634
Ce2Zn2Cu5,104047.79500911322
Ce2Zn4Ru,109395.90074267534
Ce2ZnNi2,178699.3889187456
Ce2Zr0.2Co16,886000.0
Ce2Zr0.4Co16,737000.0
Ce2Zr0.6Co16,513000.0
Ce2Zr2O7,119661.52488125308
Ce2ZrCo16,993000.0
Ce2ZrS5,106758.69002568726
Ce3(AgGe)4,116491.48449784942
Ce3(Al3Pt2)2,67593.86085391705
Ce3(AlI)2,146769.20685781565
Ce3(BN2)2,152855.3093411314
Ce3(CuGe)4,81186.74672850076
Ce3(CuSn)4,79979.49410463631
Ce3(GaNi)2,126842.9935288997
Ce3(Ge3Pd10)2,50906.336464214895
Ce3(GeRh)2,121835.25150073513
Ce3(InRu)2,58431.35019692199
Ce3(SiNi3)2,165822.3867326094
Ce3(SiRh)4,109407.49652857496
Ce3AgGeS7,101398.30665536283
Ce3Al,277727.85759242234
Ce3AlC,190413.0420687503
Ce3AlCdS7,101156.68677505985
Ce3AlN,199426.8069639378
Ce3AlZnS7,101262.65735701055
Ce3As2ClO7,118661.75972807436
Ce3B2(ClO2)3,108656.37261510048
Ce3Bi4Au3,99407.8475028898
Ce3CI5,107545.34302461805
Ce3Cu3Sb4,119328.93219362828
Ce3CuGeS7,105365.50906449315
Ce3CuGeSe7,92147.65041774303
Ce3CuSiS7,106128.3651418485
Ce3CuSiSe7,92146.12721281937
Ce3CuSnS7,101992.61500277116
Ce3CuSnSe7,89429.71308769842
Ce3Ga,340571.46080336324
Ce3Ga2,182031.94763313676
Ce3Ga4Cl,151615.88537202135
Ce3GaBr3,149178.72043927448
Ce3In,378384.8052218469
Ce3In3Ru2,55956.933060748706
Ce3InC,186845.3905358526
Ce3Ir,173489.98336617317
Ce3IrI3,115798.9443209064
Ce3LuSe6,102418.56272879228
Ce3MgAlS7,102942.23803240118
Ce3MnAlS7,264990.9780294495
Ce3MnBi5,230299.82205532378
Ce3MoO7,236767.30129412355
Ce3NbS3O4,143634.26702077262
Ce3Nd3Fe41B3,1208000.0
Ce3Os,119102.45757828616
Ce3Pb,417498.5658402175
Ce3Pd4,192451.51525614678
Ce3Pt2,195953.94600718006
Ce3Pt4,169613.9031112051
Ce3Rh2,156024.93561113413
Ce3Ru,68295.39899965451
Ce3S2O3,127028.55349423077
Ce3S3N,171972.6852103476
Ce3S4,236571.02034620295
Ce3Sb3Au2,124579.77333177823
Ce3Se3N,154202.1065511588
Ce3Se4,200046.6689659415
Ce3Si2,305820.1318685623
Ce3Si2BO10,132354.46661862836
Ce3Si2Rh3,75144.87103156596
Ce3Si2S8Br,82900.96303329535
Ce3Si2S8Cl,83627.42094625771
Ce3Si2S8I,81110.13838415862
Ce3Si6N11,111716.95525888623
Ce3SiAgS7,104286.46386570224
Ce3SiAgSe7,54263.803265280214
Ce3SiPt5,127366.83156970261
Ce3Sn,401658.8510427711
Ce3Sn5,140693.35723118618
Ce3Sn5Au6,74723.71719241212
Ce3Sn7,90780.94768999543
Ce3Ta(ClO2)3,91131.98663011624
Ce3Te4,163518.6442699556
Ce3TiAlS7,155132.3948682238
Ce3Tl,383198.53589485073
Ce3Zn11,125392.5581963873
Ce4(GeS4)3,84279.90778364979
Ce4(SiS4)3,86004.74334166311
Ce4As3,335450.6794405577
Ce4B14O27,77849.77140832791
Ce4B2N5,203711.15732946133
Ce4Bi3,275825.45190800854
Ce4CI6N,77738.59988367706
Ce4FeSe6O,201579.38430978233
Ce4Ga5Br2,138256.74781993323
Ce4GaSbS9,104501.79511673615
Ce4Mg7Ge6,95429.80479682932
Ce4MnSe6O,291981.0106567124
Ce4Nd2Fe41B3,1111000.0
Ce4S3NCl3,142742.0998649799
Ce4Sb3,199058.0318285844
Ce4Se3N2,169712.0154057612
Ce4Se3O4,134703.21063877404
Ce4Si2S3O7,142628.44451833543
Ce4Si3Rh4,82279.03785599787
Ce4Te3N2,148001.56447688106
Ce5(C2Br)3,83963.97359190643
Ce5(In2Pt)2,188499.29188646644
Ce5(MgGe)8,101158.21557050517
Ce5(SiN3)3,198023.02175740508
Ce5AgPb3,235824.44900804546
Ce5AgSn3,242390.846830727
Ce5Bi3,249835.33099705007
Ce5CuBi3,261737.7114003388
Ce5CuPb3,242127.60812614489
Ce5CuSn3,245297.1824498762
Ce5Ga2Ge,175307.95097888765
Ce5Ga3,197054.65075433877
Ce5Ge2Rh,198629.9595990849
Ce5Ge3,265252.6853621458
Ce5Ge3C,170012.13528769783
Ce5Ge4,170559.07744435407
Ce5GeBi2,236165.71046062623
Ce5Ir4,110528.54452642293
Ce5NdFe41B3,1049000.0
Ce5Pb3,263324.21595956635
Ce5Pb3O,207174.12506401353
Ce5Rh4,137145.83918147028
Ce5Sb3,212998.40817790484
Ce5Si3,282280.5224489892
Ce5Si4,207445.444460032
Ce5Sn3,277051.0658026548
Ce5Sn4,179915.31916208475
Ce6B2(CBr)3,136084.42788959655
Ce6Cd4Pd13,105970.78215178326
Ce6Fe41B3,751000.0
Ce6Ge9(BO15)2,105576.46811229589
Ce6In5Pd12,70200.98852369946
Ce6Mg23As,99127.11896171793
Ce6Mg23C,93851.28869306338
Ce6Mg23Ge,85453.6982546705
Ce6Mg23P,82584.14607119952
Ce6Mg23Sb,77667.70187596619
Ce6Mg23Si,83962.02796747243
Ce6Ni6P17,87146.2384329511
Ce6P17Pd6,104542.15688279105
Ce6S4BrN3,173272.62328118022
Ce6Si4S17,86491.87600392332
Ce7C3I10,108821.80288743567
Ce7Ir3,153156.17182201674
Ce7O12,125490.65941151544
Ce7Pd3,111866.27857518606
Ce7Pt3,142173.88996450297
Ce7Rh3,170869.27145946698
Ce7Ru3,106442.28322314796
Ce8GaPd24,96874.58197520948
Ce8SbPd24,52862.97841351592
Ce9(SbO)5,98778.50384334232
CeAg,175918.29696800918
CeAg2,196961.49882748825
CeAgAs2,65041.32465612731
CeAgGe,135365.81405495628
CeAgPb,118972.88315697866
CeAgSb2,71374.40758521433
CeAgSn,123983.51671777971
CeAl,180023.28344890228
CeAl2,190321.00886654548
CeAl2Pt3,74382.71890364816
CeAl3,100695.15387448079
CeAl3Au,87676.61291205691
CeAl3Cu,91155.49738879365
CeAl3Pd2,78125.86953444865
CeAl4,87301.66022739932
CeAl4Co,96307.6248719658
CeAl4Ni,63179.53136183451
CeAl5Ni2,55260.37686886098
CeAlAu,132229.8788729818
CeAlCu,153178.47227936768
CeAlO3,173740.27423282558
CeAlPd,53980.78192349996
CeAlPd2,117674.54248430021
CeAlPt,107281.85609213289
CeAlRh,122795.7539743849
CeAs,159307.57771424926
CeAs2Pd3,81880.77334847905
CeAsO3,132296.9032934859
CeAsO4,110316.93975012873
CeAsPd,144847.06750296758
CeAsRuO,97952.95589577813
CeAsS,115281.041431063
CeAsSe,75392.19518548629
CeAu,194261.1788703589
CeAu2,145925.55677178153
CeAu6,69215.02560222315
CeB2ClO4,84647.27385183466
CeB2Ir3,93131.84308023192
CeB2O4F,95823.42243381814
CeB2Rh3,114332.63219519485
CeB4ClO8,55502.45288574753
CeB4H2ClO8,51953.82358058552
CeB6,132652.62854321854
CeBMoO6,79472.710718929
CeBN2,129174.49212556884
CeBO3,151264.2469022844
CeBPd3,90254.60209164067
CeBPt2,110826.3554866931
CeBPt3,102175.75636531544
CeBS3,89362.71102288648
CeBe13,55330.12621676173
CeBi,155661.60167413234
CeBi2Au,71540.44319490781
CeBiPd,115189.45634718925
CeBiPt,114108.3385412323
CeBiS2O,72952.91788395077
CeBiW2O9,52469.92623963922
CeBr3,74440.88462803126
CeCO3F,127036.21435397654
CeCd,209091.78938313006
CeCd2,209744.3603498946
CeCd2Ag,95286.0542943401
CeCd3,99211.183083352
CeCdAsO,115414.08340083063
CeCdAu,161412.24356901244
CeCdCu,65018.0692584114
CeCdPd,161682.5344958348
CeCdPt,156830.31500119192
CeCl3,88481.3898962246
CeClO,163314.99935822174
CeCo5,598500.0
CeCoC2,152542.20126506797
CeCoGe,351125.9125084139
CeCoSi,216964.30872030059
CeCrB4,50149.08064535014
CeCrCo8,1138000.0
CeCrO3,622349.7891435277
CeCrS2O,432865.1552708359
CeCrS3,381041.76082738076
CeCrSe3,332687.1856705994
CeCu,196034.49500353332
CeCu5,108053.72650889505
CeCu5Au,87562.33924072112
CeCu5Sn,83444.3905176134
CeCu6,68252.10424700058
CeCuGe,149520.59587337924
CeCuGe2,115792.36738420716
CeCuS2,115043.17343738252
CeCuSO,142666.01809555353
CeCuSb2,85494.22425249105
CeCuSe2,101568.16478375347
CeCuSi,155067.6380780759
CeCuSn,134946.00917380862
CeCuTeO,117353.19233418691
CeDyS3,81060.37076309088
CeF3,152590.98528177175
CeFeAsO,177432.83923069932
CeFeGe3,193558.44887103993
CeGa,224588.9799380214
CeGa2,146902.98250407088
CeGa2Ni,101583.50184391369
CeGa3Pd,100055.2435693899
CeGa3Pd2,77179.43258610783
CeGa6,65282.20648206185
CeGaAg,170190.77078479374
CeGaNi,61761.328747814725
CeGaO3,132087.0105903676
CeGaPd,163571.47970830923
CeGaPd2,119204.4089830402
CeGaPt,163135.622441553
CeGe,251828.34100336596
CeGe2,118167.91426087965
CeGe3Ir,92623.7896484395
CeGe3Pd5,61825.452233741955
CeGe3Rh,91814.21315681649
CeGeAu,141101.43321597888
CeGeIr,131590.47562606516
CeGePd,133276.41516677313
CeGePd2,76123.51994159754
CeGePt,116931.55751256044
CeH(SeO3)2,62376.12186087904
CeH12N5F4,73351.33754043671
CeH2,240891.2804726767
CeH2C2SNO9,138827.2320159278
CeH3,230992.18140196142
CeH3(CO2)3,67053.96280403747
CeH3CSO7,61882.6032328032
CeHSO5,96056.62916914975
CeHSe,163214.35865853794
CeHg,224732.47419984435
CeHg2,172306.7889578751
CeHg3,110927.5759116738
CeHgPd,162630.10768307222
CeI4O13,62619.240017761374
CeIn2Pd,88291.3531601663
CeIn3,91719.23975229495
CeIn4Ni,53702.85664480696
CeIn4Pd,62015.50583901123
CeIn5Ir,53840.331948684856
CeIn5Rh,57383.96146295975
CeInAg2,111800.08419219243
CeInAu,141604.99217038535
CeInAu2,106229.84643987277
CeInCu,155317.49369031814
CeInPd,157904.3170941269
CeInPd2,97783.49726550494
CeInPt,134692.50491507497
CeInRh,120999.8571352898
CeIr2,91656.35234944215
CeLuS3,79984.0589299468
CeMg(NO4)6,227565.65775670006
CeMg2,134851.19695065924
CeMg2Ag,100009.36025973909
CeMg2Cu,102784.30383733682
CeMg2Cu9,107131.65940580271
CeMg2H7,99663.88366636375
CeMg3,108386.62303858383
CeMgAg,121758.94119538432
CeMgCu2,139062.9148273123
CeMgGa,129202.51320121015
CeMgPd,167712.83821061073
CeMgPt,163968.1595985674
CeMgSi2,110402.65271322177
CeMgSn,217241.95489025995
CeMgTl,116740.74142979864
CeMgZn2,98061.55907059117
CeMn2(GeO3)4,374147.13439723715
CeMnSbO,586617.4610141277
CeMnSi2,396132.63557448634
CeMo5O8,738561.7178055944
CeMoClO4,84201.12652772247
CeMoO4F,86958.42577296897
CeN,213802.96731156044
CeNbO4,112542.25706218558
CeNd11(Fe41B3)2,1354000.0
CeNd5Fe41B3,1325000.0
CeNdI4,87094.12614931352
CeNi2,57376.54895223557
CeNi2N17O24,257771.07564642045
CeNiC2,143255.57655747925
CeNiGe2,119128.87295086945
CeNiSb2,79740.41259941134
CeP,162240.09324484327
CeP2,133738.93798436786
CeP2(HO4)2,98769.71944907363
CeP5,71991.7677576194
CePIr,95396.57191105446
CePO4,108953.6362808998
CePPd,153824.8836158894
CePRuO,93761.15767975233
CePS,137166.16204825637
CePS4,62029.978656102416
CePb3,95413.59677393989
CePbAu,133072.49542416536
CePd,234838.51173424278
CePt,213352.68223992773
CePt2,165331.85126546063
CeRh,93533.38010708909
CeRh2,126623.98043466128
CeRh3C,97573.73177261479
CeRhC2,103308.5241083194
CeRhPb,107010.72875000304
CeS2,137444.28812362347
CeSF,168957.07797315388
CeSI,97704.40128232978
CeSO6,164073.1071698374
CeSb,151440.99169674213
CeSb(SBr)2,50844.58811426226
CeSb2,81139.7045104797
CeSb2Au,71165.31075172363
CeSb3Pd,56844.801720684714
CeSbAu,165262.48735733534
CeSbIr,120350.38249176716
CeSbPd,126698.95971849786
CeSbRh,118483.56119203454
CeSbTe,85248.41178928225
CeScGe,225758.22748853534
CeScO3,140871.27204970818
CeScS3,82400.37463694638
CeScSb,260965.3027590575
CeScSi,232946.8377918375
CeSe,195240.4775767549
CeSe2,110735.4228556627
CeSi,275170.3866661381
CeSi2,141767.04235822
CeSi2Ag,108415.45294514897
CeSi2Ir,82164.72725658344
CeSi2Ir3,58529.56793111138
CeSi2Mo2C,67336.68896945362
CeSi2Pt,97274.59089461378
CeSi2Ru,113232.99315960714
CeSi3Ir,92647.65203270163
CeSi3N5,87795.95538830954
CeSi3Os,72644.41128310257
CeSi3Rh,95407.66583054219
CeSi3Ru,83508.31852668911
CeSiBO5,102249.42816790388
CeSiHRu,115934.23186621383
CeSiI,112200.71723929576
CeSiIr,143753.98748525415
CeSiIr2,70656.46854138325
CeSiNO2,131853.1201308001
CeSiPd2,73733.92719440587
CeSiPt,124414.00416334596
CeSiRh2,101303.681220704
CeSiRu,197037.64046840728
CeSmI4,98741.7996556567
CeSn2Rh,69687.70147533918
CeSn3,78343.34372379175
CeSn3Pd2,50919.5084682845
CeSnAu,123526.88092979472
CeSnPd,127260.55362889054
CeSnPt,130437.31921821702
CeSnRh,68617.64186289776
CeTa3O9,59173.79024039659
CeTaO4,115089.36111283778
CeTe,192672.5030448715
CeTe2,83963.41883478573
CeTeCl,110941.63425443353
CeTiGe,220895.68991652477
CeTl3,106583.6563083396
CeTl5Ni2(NO2)12,56177.004413778115
CeTlCd,145879.28382337102
CeTlSe2,79187.03129661726
CeTlTe2,72670.47900227095
CeTlZn,132200.08024038878
CeTmS3,78628.20335909139
CeVO3,467188.88555244106
CeVO4,108386.57939623781
CeZn,76493.07916221915
CeZn(BO2)5,57168.07205236562
CeZn11,62527.69840750601
CeZn2,181305.90974701798
CeZn3,96046.01380756531
CeZn3Cu2,99297.5732855651
CeZn3Pd2,83688.25640340021
CeZn5,91001.2523364979
CeZnAu,153968.82074085053
CeZnGa,165554.45002991683
CeZnGe,147213.88008174676
CeZnIn,182373.31383625473
CeZnNi2,60855.77874283276
CeZnPO,130446.80829231182
CeZnPd,161645.2602850991
CeZnPt,150768.36938937855
CeZnSbO,110369.79046077377
CeZrF7,60755.97886869338
Cs2KEuCl6,147612.49533436654
Cs2LaN5O17,85879.98933854279
Cs2Li14Tb3O14,67844.68619596896
Cs2PrO3,59434.7888724501
Cs3Gd(PO4)2,230341.70401377932
Cs3Sm2N9,464071.697296167
Cs5CeNi2(NO2)12,63590.54873556743
CsCeS2,72176.13252245751
CsEu(PO3)4,208958.04068312785
CsEu2I5,385599.3451380594
CsEuAsS3,374227.88267647714
CsEuBr3,321098.4192068843
CsEuCl3,363173.3644253767
CsEuF3,597991.0550884499
CsEuS2,440624.2004793533
CsEuSiS4,278029.08677677275
CsGd(CO3)2,437570.38770301314
CsGd(MoO4)2,313101.7760277734
CsGd(PO3)4,251383.43177443597
CsGd2Ag3Se5,438265.25379276834
CsGd2Ag3Te5,368121.86067045253
CsGd2Cu3Se5,481257.85635804915
CsGdCdTe3,275186.546056536
CsGdHgSe3,325031.1385198711
CsGdS2,543236.3749206349
CsGdSiS4,331184.2148902082
CsGdTe4,282994.24367833324
CsGdZnTe3,289709.4725171554
CsHoCoSe3,153414.48976007084
CsLa(SO6)2,63040.5818001081
CsLaCl4O3,204534.02071900983
CsLi2Gd4(BO3)5,760350.178167443
CsPr(SO6)2,191130.02884072936
CsScUSe5,76737.46460330296
CsSmMnSe3,235992.80638754478
CsTbF5,74436.04217900657
CsTmCoS3,175681.11899298732
CsYbCoSe3,157832.7808183927
CsYbF3,77543.38607804751
Dy(Al2Cr)4,132324.86236599868
Dy(ClO2)3,99870.9188541324
Dy(CrSi)2,120640.66149453969
Dy(FeGe)2,592984.0869590829
Dy(FeSi)2,246355.12046713667
Dy2B3O8,73149.25549600793
Dy2Co12P7,185361.05846786225
Dy2Co3Ge5,75675.52223666175
Dy2CoTe2(SO7)2,94011.06890143047
Dy2Cr2C3,135586.98882162565
Dy2Cu(SO6)2,124503.5758067735
Dy2Fe10Co4B,607548.6347241974
Dy2Fe12Co2B,605520.432660486
Dy2Fe14B,565000.0
Dy2Fe14C,493380.32358487556
Dy2Fe6Co8B,508297.4798772815
Dy2Fe8Co6B,565865.3976335379
Dy2In,91775.24066804585
Dy2Mn3Cu9P7,329750.4521724322
Dy2Mo2O7,274859.7941831296
Dy2N3,337461.4445473241
Dy2Ru2O7,283764.6259062834
Dy2Tc2O7,405287.4303461034
Dy2Ti3Si4,81170.11414110592
Dy2Tl,97848.62264151944
Dy2V2O7,148310.19714331732
Dy2VO5,83807.81369137787
Dy3(CoGe2)2,112100.23376655088
Dy3AlNiS7,75722.6549541919
Dy3BeCrS7,116380.40656602592
Dy3Co6Sn5,58116.66179786336
Dy3GaFeSe7,122371.43521313372
Dy3GaNiS7,76290.2558587599
Dy3GaNiSe7,65788.7260189276
Dy3GeO8,168720.96555349155
Dy3Ni13B2,84667.54869503297
Dy3ReO7,126851.92231352339
Dy3Si2Ni,61960.867664930876
Dy4CrGa12,57466.75212978138
Dy4Ga12Fe,64607.90544755639
Dy6CoTe2,79988.58277443625
DyBr2,108938.0509057142
DyCO4,129167.22868610319
DyCrO3,509239.3957718137
DyCrO4,117636.63200471169
DyCrTeO6,253118.1563988318
DyFe3(BO3)4,679413.8827904108
DyFe4(CuO4)3,888632.3446222595
DyFeGe2,130532.98732160611
DyFeGe2O7,328393.40628047904
DyFeO3,821898.48076766
DyFeSi,64529.654262791
DyH2C2SNO9,184470.24327983506
DyMn2O5,745646.277611832
DyMnB4,161159.9329362303
DyMnCu4P3,276366.33899751754
DyMnO3,614994.1046110524
DyN3O10,94539.03526756373
DyNiO3,177104.37438220563
DyP2H9O10,81306.4866521461
DySe,142539.08874371237
DyTiSi,195107.58712034862
DyVO3,330486.26203367516
Er(Al10Cr)2,56939.37349337093
Er(Al2Cr)4,104361.63880724282
Er(CO3)2,133780.63551822698
Er(FeGe)2,601211.843492651
Er(FeO2)2,937784.2975760836
Er(FeSi)2,251921.54496748917
Er10Mn13C18,112557.52172413706
Er2Co12P7,243110.87404144494
Er2Co3Ge5,73572.97213631298
Er2CrS4,255085.93548822636
Er2Cu(B2O5)2,59486.60617187182
Er2Cu2O5,157151.71529595187
Er2In,86407.5044147643
Er2Mg,121740.69805153599
Er2Mn2O7,468485.805665403
Er2MnC4,96372.57424550196
Er2Ru2O7,282872.5729694583
Er2S3O20,370606.34540619707
Er2Tc2O7,53134.635731137045
Er2Ti3Si4,72994.51269407045
Er2V2O7,151103.80349905667
Er3BeCrS7,118433.78893015943
Er3GaNiS7,77370.10983047495
Er4(GeO5)3,157007.98307975163
Er5(MoO6)2,109483.0101020239
Er6Co30P19,98384.07193158579
Er6CoTe2,76077.75913756696
ErCO4,132107.82801412937
ErCo3P2,85772.3766954639
ErCrO3,517798.49120242486
ErCrO4,125702.56248078363
ErCrTeO6,246060.21687486593
ErCu3Se2ClO8,130980.99104177613
ErCuTe2ClO6,50057.6562338204
ErFe3(BO3)4,681338.1142394014
ErFe4(CuO4)3,886881.1688279117
ErFeO3,835568.9685364909
ErH2C2SNO9,92155.06215161122
ErMn2O5,757736.2462291745
ErMnB4,164271.70088057104
ErMnNi4,616453.8571927566
ErMnO3,644166.5556404337
ErNiO3,176854.82330990495
ErTiGe,190254.26895107565
ErU2S3O2,294875.2328481993
ErVO3,336466.4981290255
Eu,1677235.835654026
Eu(Ag2Sb)2,406238.4642785717
Eu(Al2Cu)4,327655.4849363566
Eu(Al2Fe)4,706457.7988306831
Eu(AlAu)2,645423.245208671
Eu(AlCl4)2,202927.01342977528
Eu(AlGa)2,649197.1419702914
Eu(AlGe)2,582462.7689627737
Eu(AlS2)2,401658.9891469794
Eu(AlSe2)2,349664.0201214301
Eu(AlSi)2,597900.0509784785
Eu(AsPd)2,654511.2917759212
Eu(AsPt)2,621371.648954839
Eu(AsRh)2,680635.1711767634
Eu(AsRu)2,678821.8512006308
Eu(BC)2,1109710.5462862626
Eu(BH4)2,605131.4214191837
Eu(BIr)2,843983.5449000589
Eu(BIr)4,513764.53910657007
Eu(BO2)2,760250.5352556551
Eu(BO2)3,551718.5785069267
Eu(BS2)2,499864.87257331325
Eu(BiPd)2,518396.86917019763
Eu(BiS2)2,374919.5260136246
Eu(BiSe2)2,316069.7983347334
Eu(C2N3)3,230172.65422656125
Eu(CdAs)2,514237.44432728115
Eu(CdP)2,558027.3468455398
Eu(CdSb)2,431055.06998623547
Eu(ClO4)3,257474.34875936154
Eu(CoAs)2,966065.4050088135
Eu(CoP)2,982857.3769165727
Eu(CoSi)2,842781.6118111052
Eu(CrAs)2,1103314.9218403618
Eu(Cu2As)2,566688.633698666
Eu(Cu2Sn)2,309169.95604726905
Eu(CuGe)2,713252.0549166484
Eu(CuSb)2,585238.8786122467
Eu(CuSi)2,757700.7317636757
Eu(CuSn)2,593857.1967562716
Eu(DyS2)2,386661.2988080959
Eu(DySe2)2,340027.8014544745
Eu(ErS2)2,394622.0530945043
Eu(ErSe2)2,346029.0691317675
Eu(Ga4Co)2,351312.7086928598
Eu(Ga4Ir)2,328930.25207948015
Eu(Ga4Rh)2,327991.07864282635
Eu(GaS2)2,400144.92008933134
Eu(GaSb)2,485991.05855785223
Eu(GaSe2)2,348700.9703157799
Eu(GaTe2)2,280801.8905601176
Eu(Ge3Pt)4,187289.27585858494
Eu(GeAu)2,616607.4459276631
Eu(GeIr)2,695964.2915453358
Eu(GePt)2,563362.7939069584
Eu(GeRh)2,701511.7076129962
Eu(GeRu)2,694403.3605975385
Eu(HoSe2)2,339294.9663301626
Eu(IO3)3,255105.39186979382
Eu(In2Ag)4,186331.4050061224
Eu(In2Au)2,382747.5703856774
Eu(In4Ir)2,241895.91566640476
Eu(InAu)3,396285.60646769207
Eu(InS2)2,362474.48051758663
Eu(InSe2)2,318381.2915171527
Eu(LuSe2)2,355275.4200862258
Eu(MgBi)2,411708.64985373756
Eu(MgGe)3,404911.8481815208
Eu(MgH3)2,586209.0845827691
Eu(MnAs)2,1128509.4363481903
Eu(MnGe)2,1214927.184875084
Eu(MnP)2,1317471.1474699334
Eu(MnSb)2,1072178.1964922629
Eu(Mo3Se4)2,201487.80665229377
Eu(NO3)3,321381.8057512145
Eu(Ni2B)6,322948.4740420518
Eu(Ni3S4)2,254904.46536405155
Eu(Ni5P3)2,150398.22339203604
Eu(NiAs)2,756321.3019625908
Eu(NiGe)2,789080.0414283425
Eu(NiP)2,848649.687850725
Eu(NiSb)2,625706.9843802481
Eu(P3Ru)4,239385.40224488205
Eu(PIr)2,708795.9951957964
Eu(PPd)2,731119.2148099102
Eu(PRh)2,767258.3230593082
Eu(PRu)2,721143.4272286126
Eu(SbPd)2,561751.0879268451
Eu(SbS2)2,394516.8055762267
Eu(SbSe2)2,333584.1280928
Eu(ScSe2)2,435834.9743784808
Eu(SeO4)2,408697.97200830927
Eu(SiAg)2,651093.285792853
Eu(SiAu)2,659593.3423918111
Eu(SiIr)2,744846.5340999754
Eu(SiNi)2,854058.5408229004
Eu(SiPd)2,727047.7685736766
Eu(SiPt)2,733285.930779961
Eu(SiRh)2,749330.9424451282
Eu(SiRu)2,747695.7412495504
Eu(SnPd)2,570142.1035227585
Eu(TmSe2)2,51850.26724167239
Eu(YSe2)2,338335.3534191781
Eu(ZnAs)2,596318.0176962771
Eu(ZnGe)2,656403.7845644068
Eu(ZnP)2,656667.6995482071
Eu(ZnSb)2,487561.0801877333
Eu(ZnSi)2,702428.8975074805
Eu(ZnSn)2,534604.3300377284
Eu0.03Fe1.97Co1O4,451000.0
Eu0.06Fe1.94Co1O4,391000.0
Eu0.09Fe1.91Co1O4,331000.0
Eu0.12Fe1.88Co1O4,350000.0
Eu10Mn6Sb13,1051731.3444589442
Eu11(ZnAs2)6,1001521.1548291418
Eu11(ZnSb2)6,825454.8405945355
Eu2(AlAu2)3,568420.081669611
Eu2(Ga3Ir)3,533074.4548068448
Eu2(Ga3Rh)3,542938.4245398405
Eu2(MoO4)3,470548.45822317083
Eu2(WO4)3,444662.10729490034
Eu2B4Rh5,805024.8444299095
Eu2B5BrO9,593511.5663143123
Eu2B5ClO9,602731.369215763
Eu2BBrN2,1020298.436498401
Eu2BIN2,928922.0133856649
Eu2BiS4,702133.3070128032
Eu2BrO2,1159169.4179476672
Eu2C(NCl)2,887220.062227404
Eu2Cd2As3,714946.5523915857
Eu2Co12P7,625615.7418502978
Eu2CoTe2(SO7)2,510568.5584362043
Eu2Cu,1483433.627339761
Eu2Cu6P5,610252.446828473
Eu2CuH4(SO6)2,493035.6990970383
Eu2CuTe2(SO7)2,396055.28289914434
Eu2FeH6,1351787.923062189
Eu2Ga2GeS7,434682.73272320174
Eu2Ge,1436509.3535011227
Eu2Ge(BO4)2,749414.2323237784
Eu2Ge2Se5,538556.3558956028
Eu2Ge3Au,918684.5940792899
Eu2GeS4,756038.5783320166
Eu2GeSe4,656758.1367866226
Eu2H16S3O20,245892.3948198379
Eu2H3Br,1276425.8863865747
Eu2H3Cl,1365341.5131527374
Eu2H4Pd,1346052.8383378785
Eu2H6Ru,1241267.9355539738
Eu2Hf2O7,756316.0999522944
Eu2HoTaO6,920814.4101042463
Eu2I2O,842237.8233951136
Eu2In,1332616.197144737
Eu2InPd2,1082248.8296292874
Eu2InPt2,1087138.8625366287
Eu2Mg3H10,777979.6018457264
Eu2MgH6,1109810.8779264449
Eu2MgSi2O7,765314.953429671
Eu2Mn5Al12,698540.4735757841
Eu2MnSi2O7,998396.8792926528
Eu2Ni12P7,483424.8062379701
Eu2Ni17,801644.8548045476
Eu2O3,1538306.2530427251
Eu2PBr,1108423.9192244275
Eu2PI,1009328.5205155336
Eu2Pb2O7,703673.1966296607
Eu2Pt2O7,803766.6744320211
Eu2Re6S11,341547.632456306
Eu2Sb3,833294.8286335705
Eu2Si,1468403.0597604609
Eu2Si2O7,791298.8619617698
Eu2Si3Ag,960034.6729364156
Eu2Si3Ni8,690742.5473262541
Eu2Si3Pd,986212.1588314336
Eu2Si5Pt3,695112.2456109063
Eu2SiCl2O3,854049.7331639057
Eu2SiN3,1433261.329417903
Eu2SiO4,1340218.3770677361
Eu2SiS4,782111.4199518536
Eu2Sn2O7,762404.8772723025
Eu2Sn5Au2,562039.132526894
Eu2SnS4,690236.056000389
Eu2Ta2O7,828464.6870360345
Eu2Te4O11,434489.1778393329
Eu2TeO2,1067586.2864343144
Eu2TiO5,981080.0384429897
Eu2VO4,1538966.2322276966
Eu2Zn2As3,785239.9115073301
Eu2Zn2P3,885262.2298653548
Eu2ZnP2,1094777.1676797408
Eu2Zr2O7,742574.1780474657
Eu3(AlAs2)2,838562.8272708486
Eu3(AlP2)2,915075.9198507604
Eu3(AsPd)4,823349.3477399406
Eu3(AsS4)2,579107.3110126798
Eu3(B3Rh4)2,795083.2675563593
Eu3(BO3)2,1335421.6650159494
Eu3(Cu2Sn)4,674771.7401890218
Eu3(Ga2Ge3)2,670567.7315100586
Eu3(GaAs2)2,818779.8749388186
Eu3(GaNi)4,954590.8458671707
Eu3(GaP2)2,906965.6404922322
Eu3(GeAs2)2,821521.5617008669
Eu3(GeIr)4,825660.4847271829
Eu3(InP2)2,852816.4686329042
Eu3(MgGe)5,643803.4116584007
Eu3(MgSi)5,676342.1736110375
Eu3(SiAs2)2,858941.1122774782
Eu3(SiNi3)2,1120153.859197797
Eu3(SnPd)2,1043706.7114497044
Eu3Ag2,1339814.0758303015
Eu3Al5O12,746223.7186606175
Eu3AlO5,1482404.5154671655
Eu3As4,1049919.8848453262
Eu3Au,1522274.6683108467
Eu3Au2,1380039.1205454045
Eu3AuO6,1159822.4177277368
Eu3B2Pt7,945869.927123062
Eu3BWO9,894337.5138211777
Eu3BrO4,1126358.3586455618
Eu3Ga2,1409898.9078610481
Eu3Ga8,758852.7867602493
Eu3Ge5,1037579.4205720838
Eu3InO,1536456.5481773233
Eu3InP3,1069910.8056230212
Eu3NbO6,1282285.3579126652
Eu3O4,1621743.0902663763
Eu3OsO7,1297076.0062294651
Eu3P4,1166880.3644532128
Eu3Pd2,1441455.7234818547
Eu3Pt2,1389159.8348672625
Eu3ReO7,1207579.7379263686
Eu3S4,1108074.4125135285
Eu3Sb4Se9,411062.2527443078
Eu3Sb5O12,494472.53130165377
Eu3Si2BO10,815747.5071717863
Eu3Sn13Rh4,397376.1870996662
Eu3Sn2S7,668494.8382370736
Eu3TaO6,1206346.6493040295
Eu3Zn2(CuP2)2,893294.287906206
Eu4As3,1295695.3719538962
Eu4B4O11F2,964139.5861029067
Eu4Bi2O,1244299.7122109528
Eu4Bi3,1030775.7054347995
Eu4Br6O,828656.6835578938
Eu4C2N4F5,1172744.6663687762
Eu4Cl6O,946556.5175307379
Eu4Lu(SnS4)3,538173.1749587965
Eu5(ZrS4)3,655644.9186613907
Eu5As3,1437994.228668664
Eu5As4,1307578.4520165864
Eu5B3ClO9,1209292.0091144163
Eu5B3O9F,1285228.5740316748
Eu5Bi3,1168053.283714361
Eu5Cd2Sb5O,822515.2831105482
Eu5CdCu2,1372518.8855438759
Eu5Ga9,1018336.606178999
Eu5Ge3,1394726.060997773
Eu5Nb4O15,1014349.3348679438
Eu5P3ClO12,1046997.3031911794
Eu5Pd2,1516375.506919098
Eu5Pt4,1383878.0203540984
Eu5Sb3,1230121.8491585806
Eu5Si(Cl3O2)2,967363.928065565
Eu5Si3,1434116.8173999905
Eu5Si3H,1479307.4064663858
Eu5Si3O12F,1024168.7182634698
Eu5Sn3H,1168887.0064190242
Eu5Ta4O15,998993.0897762321
Eu6Mg7H26,885568.0681388456
Eu6Sb6S17,526888.3747663958
Eu7(ClF6)2,1355156.4451011429
Eu7Au3,1369707.8529659603
Eu7Cu44As23,370301.0491714867
Eu8C4I9N7,682088.3959167176
Eu8In3,1299179.234688836
EuAg,1177075.801874712
EuAg2,908741.9052676986
EuAg5,540486.7084178103
EuAgAs,910248.8108182084
EuAgBi,752147.467717012
EuAgP,973637.038105785
EuAgSb,797691.4646110645
EuAl,1252127.1484987873
EuAl2,1008543.3363658577
EuAl2Ge,752485.764878851
EuAl2O4,681835.3118450267
EuAl3(BO3)4,295864.27547301503
EuAl3(PbO4)2,260018.62586666553
EuAl3Pd2,555762.0237065402
EuAl4,619248.6334024053
EuAl9Co2,317857.4302933371
EuAlAu,981443.6898208824
EuAlF5,696996.5448644672
EuAlO3,1037085.0143583994
EuAs,1104734.4926827606
EuAs3,668217.8870835796
EuAsAu,908238.6715458835
EuAsO4,661801.9588428711
EuAsPt,941128.8453117528
EuAsS,855112.8384267506
EuAu,1235756.7754018037
EuAu2,921698.2643416129
EuAu5,522508.55629677325
EuB2Rh3,805005.5526766458
EuB4O7,644258.4657037657
EuB6,888658.6703808997
EuBO3,929969.6600105013
EuBPd3,780262.231896271
EuBPt4,628102.3936094193
EuBe13,464728.53245193895
EuBi2,671950.8456267065
EuBi2BrO4,375434.9754216571
EuBi2ClO4,392665.6873182026
EuBi2IO4,358223.88872303313
EuBr2,683649.2381319456
EuC10,587530.0191471046
EuC2,1250692.3765830044
EuC2(SN)2,485217.1234774197
EuC6,853865.2799833635
EuCO3,1016114.3921526145
EuCd,1108911.283276012
EuCd(BO2)5,327621.25897113787
EuCd11,239418.2345939709
EuCd2,819830.7089238304
EuCdAu,877957.3197346837
EuCdGe,888365.5001261778
EuCdPb,743065.8023185076
EuCdPd,926468.3884968152
EuCdPt,935146.530258691
EuCdSn,766229.507365996
EuCl2,854519.1148841352
EuCl3,544200.694680743
EuClF,1115655.3732356767
EuCo8P5,636698.0238795441
EuCo9Si2,1015651.1756235885
EuCrHO5,521758.66263941064
EuCrO3,1490804.748197746
EuCrO4,751097.9706617082
EuCrTeO6,720774.6484890266
EuCu,1383626.066525666
EuCu2,1142060.3716126892
EuCu2SnS4,370704.0312268497
EuCu4P3,525365.3341932927
EuCu5,745842.6308474244
EuCu9Sn4,276895.889537419
EuCuAs,1020999.4638264242
EuCuBi,801787.0210876683
EuCuP,1110045.056024846
EuCuSF,978745.3978312322
EuCuSb,874944.1994528564
EuCuSeF,898806.01774912
EuCuSn2,667200.3359657712
EuCuTeF,790340.2710633599
EuDyCuS3,507982.83227923146
EuF2,1330211.6411337703
EuF3,1099094.3972093612
EuFe2,1933155.9511925888
EuFe4(CuO4)3,1144015.1373870564
EuFeO3,1703543.1982979046
EuGa,1237121.5354909033
EuGa2,952186.9888604709
EuGa3Ni2,659097.5897098305
EuGa3Pd,661716.1867645484
EuGa4,638112.0861047218
EuGaGe,944472.826667908
EuGaPt,1057732.1182805113
EuGaSn,809136.299650404
EuGe,1260815.4583204107
EuGe2,911134.2831936245
EuGe2Ir,784978.696177255
EuGe3,732178.5592030494
EuGe3Ir,621797.8855660695
EuGe3Pd,634176.4533775541
EuGe3Pt,630808.0728664764
EuGe3Rh,645337.5130363951
EuGe7Ir3,318133.17902520916
EuGeAu,977871.5147732699
EuGePd,977164.6432383263
EuGePd2,823109.8307934472
EuGePt,924832.1889923648
EuGeS3,513857.5649032343
EuH2,1602985.1105616593
EuH32C8N4Cl7,88013.51724370128
EuH3CSO7,368051.1669659468
EuH3Pd,1181471.5500276398
EuH4S2NO8,315021.52632481826
EuH9C5(NO4)2,195309.88357363013
EuHCl,1159931.0784097402
EuHSO5,625214.7704947264
EuHfS3,575875.6669076496
EuHg,1146149.5864611145
EuHg2,820834.5258448855
EuHg3,636651.1789538362
EuHgPb,742757.0616538592
EuI2,519532.69475454837
EuIBr,657856.5985821827
EuIO,717684.202407558
EuIn,1062473.977815192
EuIn2,770108.4777274342
EuIn2(GeIr)4,298990.62729777495
EuIn2Au,668204.3059981266
EuIn2Ni9,466600.83125624876
EuIn2Pd,699002.9857992785
EuIn2Rh,706125.8472228317
EuIn4,470596.3667941261
EuIn4Au,432626.2446144755
EuIn4Cu,459581.7397115424
EuIn4Ir,454331.464310839
EuIn4Ni,456461.68982758606
EuIn4Pd,445926.4624476807
EuInAu,870657.2726313333
EuInPd,913989.2178493713
EuInPt,918835.5143292551
EuInPt4,556043.9912843918
EuLu2O4,101981.24199570387
EuMg2,792988.6036659285
EuMg2Cu9,360624.58644331235
EuMg2Fe,711538.9395511879
EuMg3SiN4,566482.7616643808
EuMg5,385712.632927594
EuMgF4,757765.2593033459
EuMgGe,886722.4509617934
EuMgH4,920278.5417496726
EuMgPb,717045.5320810152
EuMgSi,906480.0792971315
EuMgSn,768498.4425360304
EuMn2O5,1331653.7547850395
EuMn4(CuO4)3,964473.6528369882
EuMnBi2,865406.4359406646
EuMnO3,1651275.3853630729
EuMoO4,778551.4613601733
EuMoO4F,543578.1044173129
EuNb2O6,526941.9717711261
EuNb8O14,222813.35321438266
EuNbO3,964019.2922419398
EuNbO4,716487.7887991038
EuNi5As3,496769.8628992819
EuNi5P3,551217.1889528956
EuNi9Ge4,333741.99507001555
EuNiGe,1054804.8086229453
EuNiGe2,827138.8994696948
EuNiGe3,686267.0837170499
EuNiO3,1207577.946985068
EuO,1976227.45168894
EuO3,731648.710072761
EuOF,1310369.3672792213
EuP3,773750.5714379326
EuP5O14,219576.41329381685
EuP7,387442.9136594089
EuPAu,981336.7469796219
EuPH5CO7,319640.4479443891
EuPIr,1043803.4360736243
EuPO4,775903.8178373637
EuPPd,988409.0415025422
EuPPt,985358.4752658479
EuPS3,554785.4727553683
EuPSe3,488917.53189966705
EuPb,1014937.5095172309
EuPb3,537358.1640588561
EuPd,1297488.7143486687
EuPd2,997045.329677473
EuPd3,857663.1735244162
EuPd3S4,406680.64770833415
EuPt2,1109315.8005591624
EuRe2,1080123.9276852994
EuRh3C,769897.3345417226
EuRhO3,933210.0598486114
EuS,1042380.0774856147
EuSO4,848996.2470233149
EuSb2,722011.9149210794
EuSbAu,800797.7457898014
EuSbO4,717054.2495915036
EuSbPd,877435.7362895278
EuSbPt,890497.231742382
EuScGe,843494.8045335483
EuScO3,851712.9017909499
EuSe,1128045.6857839567
EuSeClO3,457945.5975818495
EuSi,1316568.200421435
EuSi2,1028615.2958016745
EuSi2(NO)2,702707.4086073514
EuSi2Ni,918602.3928641431
EuSi2Ni9,408421.84479066695
EuSi3Ir,688305.5750078057
EuSi3Rh,713578.2522767942
EuSi6,490723.2334110688
EuSiPd,970306.089907255
EuSiPt,975898.0377412166
EuSn,1019526.6756086252
EuSn2Ir,690139.1557213118
EuSn3,590584.720869166
EuSn3Sb4,251664.3394249166
EuSnF7,402228.0083694204
EuSnHg,778941.672460477
EuSnP,783969.0917061269
EuSnPd,908023.241804334
EuSnPt,920631.5153554449
EuTa2O6,536524.7761008845
EuTaO4,724913.9533616988
EuTe,960343.6110815887
EuTiClO3,581810.1809448652
EuTiO3,1091910.6590081698
EuTl,719001.6666561533
EuTl(MoO4)2,273466.0979029553
EuTl2,724939.1145500185
EuTl2Pd,657681.3337612153
EuTl3,589653.0700444089
EuTlPS4,357325.1095160415
EuTlS2,505424.4496663334
EuTmCuS3,518147.2353723045
EuV(SeO4)2,328768.3179540545
EuV2IO9,291942.26164756465
EuVO4,701219.0167611048
EuYSi4N7,414876.73787401675
EuZn,1275969.9377784154
EuZn(BO2)5,347582.4363226365
EuZn11,344417.9216691076
EuZn13,280652.5993536031
EuZn2,1022673.1416214604
EuZn5,623708.2196523802
EuZnAu,1004263.4866904678
EuZnGe,947832.6816989597
EuZnSi,977102.3745687869
EuZnSn,871943.8437612704
EuZr6(PO4)9,68969.53373037642
EuZrS3,87121.17366776589
EuZrSe3,504759.4049588419
Gd,2174655.0997415977
Gd(Al2Cu)4,344946.63054489944
Gd(Al2Fe)4,586970.857883735
Gd(Al3Ni)3,319133.8910437517
Gd(Al5Ru)2,317336.7885865012
Gd(AlC)3,732979.9941381677
Gd(AlSi)2,671537.4724901278
Gd(BC)2,1224262.4595597582
Gd(BIr)4,554506.0184572906
Gd(BO2)3,679837.0709515815
Gd(BRh)4,625944.974186642
Gd(C2N3)3,278133.8367571713
Gd(CO3)2,579841.3019110062
Gd(Co2B)6,508120.14368832414
Gd(CoB)4,775465.4568988194
Gd(CoGe)2,861432.090233155
Gd(CoSi)2,914209.9267563716
Gd(CrSi)2,930700.9869901215
Gd(CuGe)2,778740.0283073338
Gd(CuSi)2,829371.9550545992
Gd(CuSn)2,641603.8521505017
Gd(Ge2Rh3)2,384930.2378669647
Gd(GePd)2,728121.2978087652
Gd(GeRh)2,764441.7076501581
Gd(HO)3,1040370.8875012012
Gd(IO3)3,328776.5468261894
Gd(LuS2)3,294008.18980423576
Gd(NO3)3,377086.6976570871
Gd(Ni2B)6,341137.2654880452
Gd(NiAs)2,805004.2817127584
Gd(NiGe)2,855613.6829031494
Gd(NiP)2,918330.5531080195
Gd(NiSb)2,641495.6058905381
Gd(PO3)3,353755.90351134504
Gd(PRu)2,836800.2627406568
Gd(Re2Si)2,584006.1078809748
Gd(ReO5)3,318776.73255959636
Gd(SO4)3,257612.16176594765
Gd(SiAg)2,705637.9327771774
Gd(SiAu)2,698354.4156251588
Gd(SiIr)2,130734.55383725339
Gd(SiNi)2,912517.5837611379
Gd(SiOs)2,791074.1855123859
Gd(SiPd)2,771233.843160513
Gd(SiPt)2,182424.19760922334
Gd(SiRh)2,817091.9565989845
Gd(SiRu)2,806512.9291387304
Gd(Sn3Ru2)2,285412.1306366212
Gd(Tl3Te2)3,126643.08900042588
Gd10S14O,1214145.0358598586
Gd13Ge6O31F,1167790.2291730891
Gd2(Al3Ir)3,571976.7112846266
Gd2(Ga3Co)3,618187.1956515211
Gd2(MoO4)3,455495.8250028014
Gd2(Zn2Ge)3,664454.8242926558
Gd2Al3Ge4,732547.7257579113
Gd2Al4CoGe2,781239.2779063048
Gd2AlGe2,1239160.8891301963
Gd2AlGe6,682762.9886557687
Gd2AlNi2,1364505.6846583982
Gd2Au5F21,285283.0873926796
Gd2B(OF)3,1184798.8895357817
Gd2B3C2,1532303.3575329722
Gd2B4O9,922256.0071605194
Gd2B6Os,1296655.7145772954
Gd2Be2GeO7,943938.8676018815
Gd2BiO2,1244650.6792074677
Gd2Br3N,797915.9853865908
Gd2C3,1807365.634934202
Gd2CBr,1580779.6239283008
Gd2CCl,1669516.7403091327
Gd2CCl2,1120916.6708673157
Gd2CF2,1682486.8844895575
Gd2CI,1457557.932870962
Gd2CdPd2,1236590.7353616857
Gd2Co14B,230000.0
Gd2CoTe2(SO7)2,460796.50100336125
Gd2Cu(SeO3)4,364728.0229379949
Gd2CuTe2(SO7)2,471963.09123702394
Gd2Fe10Co4B,672211.7596498384
Gd2Fe12Co2B,676238.2408273047
Gd2Fe12P7,199061.285037477
Gd2Fe14B,685799.0385770985
Gd2Fe14C,580915.542285418
Gd2Fe17C3,1665561.4508079872
Gd2Fe17H3,1793885.404684226
Gd2Fe8Co6B,620957.8327714982
Gd2Ge(BO4)2,905252.4117881766
Gd2Ge2O7,881448.3834286599
Gd2GeO5,1187278.114480317
Gd2HfS5,792325.8515258596
Gd2In,1645368.574524333
Gd2InGe2,1143425.1246371819
Gd2InPd2,1190583.5742953836
Gd2MgGe2,1150943.2069203274
Gd2Mn0.2Fe11.8Co2B1,661612.9034757685
Gd2Mn0.4Fe11.6Co2B1,623058.886857846
Gd2Mn0.6Fe11.4Co2B1,604541.0806629418
Gd2Mn0.8Fe11.2Co2B1,581471.7251932988
Gd2Mn17C3,267030.2425666504
Gd2Mn2Fe12B,258086.33380800512
Gd2MnFe11Co2B,558406.7661734766
Gd2MnFe13B,468022.2997208862
Gd2Mo2O7,1204199.117487312
Gd2Mo5O18,291627.95324479
Gd2NCl3,959208.472960256
Gd2Nb2S7O30,185792.9417643722
Gd2Nb3Ge4,750448.3440661272
Gd2Ni17,101883.38540332789
Gd2O3,1792910.2661316325
Gd2Re3Si5,766945.54346857
Gd2ReO5,176495.6799466995
Gd2S3,1166594.482144208
Gd2S3O20,423787.8976315515
Gd2SCl4,777711.3864441096
Gd2SO2,1513132.2656252054
Gd2Se2O,1143232.2714307853
Gd2SeO2,1438166.310550312
Gd2SeOF2,1275248.1172505906
Gd2Si2O7,962041.2271908103
Gd2Si4CN6,827036.8018990672
Gd2SiO5,1253317.7037215934
Gd2SiTeO4,1046908.028116256
Gd2Sn2O7,900038.5429330673
Gd2SnAu2,1108609.662363356
Gd2SnS5,763874.2421421864
Gd2Te4O11,516392.3554834251
Gd2TeO2,1309142.2469977904
Gd2TeO6,1057177.3310396366
Gd2Ti2O7,982583.3501807657
Gd2TiO5,1164217.4122334672
Gd2TiZnO6,1085101.3605810096
Gd2WO6,548269.1451500964
Gd2ZnTe2(SO7)2,430284.2947660715
Gd2Zr2O7,886241.4157098444
Gd2ZrS5,783111.1602093974
Gd3(GaNi3)2,1133092.6438150476
Gd3(MnC3)2,1540840.8495785
Gd3(SiNi3)2,1134666.4998722891
Gd3Al2(Ni2H3)3,985900.6456225635
Gd3Al5O12,855753.4784277302
Gd3AlC,1639088.4339472346
Gd3AlCdS7,743198.9634446508
Gd3AlVS7,853625.4486585755
Gd3AlZnS7,761003.3729773012
Gd3AuO6,1378367.4923578226
Gd3B2(O2F)3,1169766.839173471
Gd3BWO9,1093603.1088716194
Gd3Co4Ge13,576100.5023594631
Gd3Co4Sn13,415762.9772292903
Gd3Cu3Sb4,861874.8858928034
Gd3CuGeS7,771227.3495463983
Gd3CuGeSe7,675479.2743556846
Gd3CuSnS7,737740.1204578454
Gd3CuSnSe7,648095.1131208738
Gd3Ga5O12,787929.8812735691
Gd3GaNiSe7,675173.398420745
Gd3GaO6,1403061.7968909799
Gd3Ge13Ir4,519777.4491999398
Gd3InN,1750727.1361315907
Gd3MgAlS7,761459.0342843261
Gd3MnAlS7,941961.9305603787
Gd3MoO7,1379356.9293567357
Gd3NbO7,1279876.3527555862
Gd3NbS3O4,1064855.7300640428
Gd3Ni19B10,595611.7193212063
Gd3Ni7B2,1211518.9962328614
Gd3ReB7,70715.13964199225
Gd3S4,1340391.2160299872
Gd3Sb4Au3,777827.511966181
Gd3Sb5O12,608216.5102802824
Gd3SbO7,1290544.4814423225
Gd3Sc2(GaO4)3,750677.454291195
Gd3Se2NO,1283730.1267680016
Gd3Se4,1180583.710370909
Gd3Se4O12F,595426.2465866947
Gd3Si2Cl5O6,595138.218624229
Gd4(SiS4)3,612929.5549680456
Gd4B4O11F2,1171784.1921465618
Gd4BClO7,1340321.0898050412
Gd4C2Cl3,1342535.3684947486
Gd4CoB13,1351293.3485825353
Gd4GaSbS9,766128.2575583641
Gd4Mo7O27,425410.3301212584
Gd4NiB13,1369101.4442271153
Gd4P6H16O23,448013.2056775833
Gd4Sb3,1422209.3137551171
Gd4Si2S3O7,1064215.9994563535
Gd4Si2Se3O7,1011507.5782209376
Gd4Ti(SeO)4,995120.174514048
Gd5(C2Cl)3,1229504.728686979
Gd6C3Cl5,1286379.4129521349
Gd6Fe23,369277.0334672663
Gd6Mg23C,562917.419716538
Gd6Mo10O39,455314.8155079974
Gd7Co93,415000.0
GdAg,1369140.5588098287
GdAg(PO3)4,267870.264195625
GdAg2,1036838.8867850837
GdAgGe,1034924.4712043464
GdAgSe2,645549.3690818184
GdAl,1420511.2527110083
GdAl2,1146037.2760762032
GdAl3(BO3)4,348120.61978697375
GdAl3(PbO4)2,295490.15667880647
GdAl3Cu,724161.1859582028
GdAl3Pd2,628789.8912658078
GdAl4Ni,642569.2517186297
GdAl7Au3,331748.7873485844
GdAlGe,1061961.8413365127
GdAlO3,1253893.1850887064
GdAlPd,1141286.931544461
GdAlZn,1118275.133264287
GdAs,1271783.1860442355
GdAs2Au,764903.2403525517
GdAs2Pd3,640168.7245822658
GdAsS,1013139.2795936018
GdAu,1409070.9653255702
GdAu2,1038000.7941382808
GdB(SO4)3,291057.7826526454
GdB12,602784.2946157332
GdB2,1800294.1611152014
GdB2Ir3,802118.6494842034
GdB2Rh2C,853271.4747293373
GdB2Rh3,824037.7953741433
GdB4Mo,996764.2277726919
GdB4Os,1025951.6671299496
GdB6,919313.9915376944
GdBC,1322133.012709385
GdBO3,1121683.9916932115
GdBPd3,822023.135923438
GdBe13,505971.0938733904
GdBe2B5O11,339855.3669293266
GdBi,996617.7569333066
GdBi2BrO4,445135.3387504127
GdBi2ClO4,466050.0057243406
GdBi2IO4,423481.8990633812
GdBiPd,849766.9574483448
GdBiPt,845535.1306941882
GdBr,1139127.8031554543
GdBr3,429264.9119073513
GdBrO,1007829.3125978796
GdC2,1499486.8872790714
GdCBr,947991.7069287155
GdCd,1389605.2448352557
GdCd2,966843.6393080583
GdCd3,734994.019486401
GdCdCu,205700.19764862116
GdCdPd,1055491.0668759134
GdCl3,661402.3160810359
GdClO,1243183.3533573085
GdCo2B2C,1005030.5286240206
GdCo4,465000.0
GdCo5,1680137.458432151
GdCo9Si4,625060.5208013913
GdCoSi3,798643.8417736691
GdCr3(BO3)4,728974.1051871266
GdCrB4,1193638.7937902124
GdCrO3,1651684.7424087063
GdCrO4,908670.5105930031
GdCu,1565713.6634569725
GdCu(MoO4)2,339974.50358233607
GdCu(WO4)2,411756.4078644409
GdCu2,1274198.529748463
GdCu4Au,784692.1072033828
GdCu5,785550.6456217591
GdCu6,648385.1304057218
GdCuAs2,849977.3311816182
GdCuGe,1118384.2027746555
GdCuPb,955631.5653474319
GdCuSb2,695622.457247911
GdCuSeO,953560.747108612
GdEr4Al15,166209.46038261283
GdFe3(BO3)4,986890.7260569315
GdFe5,1989870.095987277
GdFeAsO,1376512.9908859783
GdFeB4,1340591.2847800897
GdFeO3,1917373.733783993
GdGa,1460457.3911463113
GdGa2,1054974.9570388221
GdGaGe2O7,484843.81793998927
GdGaO3,1116368.0620869824
GdGe,1487174.1884151152
GdGe2,997861.7702725725
GdH(SeO4)2,416201.29973835865
GdH12(ClO2)3,256929.9563717023
GdH18(IO3)3,150295.39082694871
GdH18C3S3(O2F)9,102997.12153671084
GdH2,1838086.97818452
GdH22C7NCl2O9,157222.2773376706
GdH2ClO2,871906.240820459
GdH3,1618940.2232036146
GdH6C2ClO7,337196.5640520161
GdH6C4NO9,278161.26764220354
GdH6C6Cl3(O3F2)3,142561.68464698578
GdH7C2SO8,351207.34982669965
GdH8C10N(O2F3)4,132204.50957475853
GdH9C5(NO4)2,240086.67883573213
GdHSO5,716998.2879055572
GdHg,1416107.811239332
GdHg3,723721.4435597528
GdIn,1278242.8306103493
GdIn2Ni9,591905.8762744459
GdIn2Rh,789287.5061300165
GdIn3,662298.6664177151
GdInAu,961321.0101739827
GdInAu2,782595.0462810119
GdInCu2,880657.3400388011
GdInCu4,698311.2906067262
GdInIr,1040062.5839168079
GdInPd,1039627.9685263033
GdInPd2,825492.0735799781
GdInPt,790239.3198091578
GdInPt2,816894.0082382794
GdInPt4,595718.8723860609
GdIr3,965348.0755096531
GdMg,1322796.02648765
GdMg(BO2)5,412735.0831462609
GdMg2,988628.5919610241
GdMg2Ag,720006.4806849855
GdMg3,707432.510733575
GdMgAu,1079003.158255093
GdMgGa,952810.8949998904
GdMgIn,846182.4641133685
GdMgPd,1076484.9471189086
GdMn2,1810008.9140468615
GdMn4(CuO4)3,1040896.6486566537
GdMnGe,1690625.7177134443
GdMnGe2O7,777941.5952469311
GdMnO3,1781963.2049879732
GdMoC2,1197790.1353838276
GdMoClO4,502073.4868711892
GdMoO4F,618110.4370900377
GdN,2106426.6367592774
GdNbO4,843582.0936065003
GdNi(BO2)5,534053.5387899666
GdNi2B2C,988380.9860257024
GdNi3,1171110.613469328
GdNiC2,1339997.6696546676
GdNiGe3,700988.6897749454
GdO,1429205.0725029632
GdOF,1566659.6591431475
GdP,1372993.978111345
GdP2H9O10,303679.0215259855
GdP2H9O11,280010.21762357006
GdP4H4NO12,257375.38785744843
GdP5,523489.9239665443
GdP5O14,257716.44920100443
GdPH5CO7,388563.4405958143
GdPO4,933149.5371074156
GdPPd,1137197.2693664045
GdPPt,1146066.3284957428
GdPb3,573530.5082947293
GdPbAu,812478.674708694
GdPd,1506902.6240427322
GdPd3,938709.1801099536
GdPt,1493738.6239392494
GdPt2,1168676.2920646972
GdPt3,910709.1452589993
GdPtF7,499816.35890170035
GdRe2,1163272.2183801036
GdReB4,1011835.2009611708
GdRh2,1212107.273711222
GdRh3C,895585.1762942981
GdRh5,618209.192257293
GdS,1503868.7962981386
GdS2,1080525.3844054383
GdSClO4,615954.8803768416
GdSF,1288184.4204674582
GdSI,591046.7319808559
GdSO4F,660117.4882400872
GdSb,1052646.7031296124
GdSbPd,946578.6394810621
GdSbPt,868205.6015609555
GdScGe,1054383.1603738414
GdScO3,1031807.1369325211
GdScS3,601214.0430340923
GdScSi,1072159.3965559641
GdSe,1335146.8113498287
GdSe2,918802.5791672203
GdSeClO3,550721.6422108809
GdSi,1587187.887460461
GdSi2,1110926.0248365025
GdSi2Ni,1006833.3098008729
GdSi2Rh3,684238.4203284938
GdSi3Ir,731080.0593209384
GdSi3Ni8,458050.26156427857
GdSiPt,1095982.78736201
GdSiRu,1208041.09133593
GdSn2,827351.4690420391
GdSn3,625346.6293960097
GdSnAu,908824.0838974777
GdSnF7,480631.6438960974
GdSnPd,988505.3058553209
GdSnPt,1005061.1646174573
GdSnPt2,804787.7820463347
GdTaO4,855514.8456045282
GdTe,1094609.7891438294
GdTe2,729006.8400873753
GdTe2ClO5,487698.25998035335
GdTiGe,1274097.6753483866
GdTl,1272073.4999817868
GdTl3,622869.3106596685
GdTlPd,1020648.4792524794
GdTlS2,605225.5352705589
GdTlSe2,546021.8464227716
GdTlTe2,456940.7173579249
GdTlZn,996129.0846238871
GdV(SeO4)2,394684.850059279
GdVB4,1061426.1828871379
GdVO4,783121.0694112602
GdWBrO4,506325.1020644388
GdWClO4,496457.4963328977
GdZn,1572620.0772646968
GdZn2,1194864.5394724554
GdZnAsO,898635.3143822401
GdZnGa,1111971.5041244726
GdZnGe,1061637.350998263
GdZnIn,1018830.7174232225
GdZnPO,947377.0692682866
GdZnRh,1174386.4363455721
GdZrSb,918643.4959947758
Ho(Al2Cr)4,104687.39286999498
Ho(BO2)6,128400.8744794955
Ho(CrSi)2,121142.37748437683
Ho(FeGe)2,594072.238193647
Ho(FeSi)2,248849.49623406483
Ho10Mn13C18,110907.40078241842
Ho2B3O8,74201.27829110764
Ho2Co12P7,248088.40131315403
Ho2CoTe2(SO7)2,94697.23216569348
Ho2Cr2C3,133074.51120640206
Ho2CrS4,249901.28607997048
Ho2Cu(B2O5)2,59075.98985197154
Ho2Cu2O5,155266.29534639197
Ho2Cu4Br13N3,166197.51755135797
Ho2Fe14B,642000.0
Ho2In,89218.22812476078
Ho2N3,342663.26610400865
Ho2Ni(B2O5)2,119360.77257520854
Ho2Ru2O7,74551.41895473115
Ho2Ti3Si4,76637.16325088755
Ho3ReO7,127732.27284814771
Ho4Ga12Fe,64006.382184496404
Ho5Si4,56491.4344635388
Ho6Bi2Rh,118789.81391737197
Ho6CoTe2,80503.07924365769
HoCO4,129680.50229487877
HoCo(BO2)5,179543.7671368477
HoCo5P3,112616.40229780374
HoCrO3,513156.02898606
HoCrO4,126531.8736372976
HoCrTeO6,244584.1540314988
HoFe4(CuO4)3,887041.9583049075
HoFeO3,828431.7274242127
HoIO9,138432.50871013335
HoMn2O5,751369.5024704878
HoMnCu4P3,289993.04159463843
HoMnO3,620930.3209174012
HoN3O10,94249.4263579248
HoNiO3,178681.6038354206
HoO2,206442.67307787875
HoP2H7O10,88268.1889667379
HoTiGe,191805.63137483917
HoVO3,333251.5954056926
K2EuGeSe5,240362.4941852298
K2EuNb5O15,174624.71718109693
K2EuSi4O10F,194977.33570690648
K2EuSiSe5,242185.47353148423
K2EuTa5O15,174309.62802883197
K2Gd2Sb2Se9,297126.47365770815
K2GdF5,500591.8948956839
K2LaN5O17,98328.68406714784
K2Na2Gd4Nb2O13,748207.4935873256
K2Nd2IrO7,151295.96008955067
K2NdN5O17,99468.80758497711
K2PrN5O17,96874.44044890993
K2RbGdV2O8,259304.62595363898
K2Sm2IrO7,154509.34950248478
K2TbF6,66806.50002449605
K3Eu(PO4)2,264563.52290321706
K3EuSi3(HO5)2,197115.05043613515
K3EuV2O8,238270.48221771236
K3Gd(BH4)6,158535.36320113725
K3Gd(PO4)2,331506.3293116673
K3Gd5(PO4)6,629352.839729152
K3GdF6,345960.51205105527
K3GdGe3(HO5)2,216761.70997100667
K3GdH6(C2O5)3,164655.7339059659
K3HoSi3O10,67790.78012884367
K3YN6,457489.99103959755
K4Eu(PS4)2,160890.93383398475
K4Eu(PSe4)2,140912.87334556974
K4Eu2U(GeO4)4,239421.7364098973
K5CeCo2(NO2)12,54091.283747808644
K5Eu2Si4O13F,269854.72608167294
K5Li2EuF10,193048.4854847614
K5YNi2(NO2)12,62206.248348352434
K9Eu3Si12(O16F)2,179509.86896464936
KCeF4,100495.78918219147
KCeS2,81479.09441225005
KCeSe4,53970.67521802495
KCeSiS4,50765.57953896583
KErP2O9,90137.05290592501
KErP4(H2O9)2,92963.510728281
KEu(CuTe2)2,283492.21678945044
KEu(GeO3)2,355932.8526117479
KEu(MoO4)2,301443.8210969905
KEu(PO3)4,215193.9546411946
KEu(WO4)2,324411.1533757996
KEu2Cd2Sb3,515110.47344543267
KEu2I5,405807.45696406136
KEu2Si4O10F,480723.8954367385
KEuAsS3,405096.1494528135
KEuAsS4,326722.90407191
KEuGeS4,291397.0402645015
KEuH2S2O9,251776.82217548467
KEuPO4,636047.5888404797
KEuPS4,354368.09421186056
KEuPSe4,312011.00404974486
KEuPdO3,571655.4550306844
KEuS2,503137.6375664149
KEuSiS4,302672.99605748855
KGd(BH4)4,266545.98324817966
KGd(CO3)2,465759.5428489701
KGd(MoO4)2,357296.394889771
KGd(PO3)4,259499.45039772472
KGd(WO4)2,387197.6817873882
KGd2Cu(MoO4)4,382783.56849023537
KGd2CuS4,687934.5746342314
KGd2CuSe4,604627.7870993629
KGdCO3F2,607719.0780655638
KGdGeS4,351784.0071200191
KGdH2S2O9,326487.6736018966
KGdP2H4O9,297763.3374067423
KGdPdO3,684156.9761760324
KGdS2,611504.3663780891
KGdTe2,446901.1158525191
KGdTe4,309963.07736595283
KLaCO4,126020.996835433
KLu(SO5)2,169066.42364677484
KNaEuNbO5,399738.00753252354
KNaEuTaO5,397203.4135993046
KNaGdNbO5,473876.646096516
KNaGdTaO5,493050.7502813403
KSm2N7,62067.01611689516
KTb(N2O7)2,58548.034792590806
KTbF5,86222.68158889277
KTbS2O9,93105.46440951561
KY(CO3)4,267759.1594431232
KYH4C4O9,81356.5451536339
La,146971.6966093168
La(Al10Cr)2,75522.18818512044
La(Al2Cr)4,126324.83607337919
La(Al2Fe)4,349229.8686458625
La(ClO)3,315876.33320423326
La(Co2B)6,449362.2806865618
La(CoAs)2,215761.57851538967
La(CoGe)2,168112.8607643215
La(CoP)2,154045.04200197916
La(CoSi)2,122939.09756936053
La(Fe2B)6,869973.4332302426
La(FeGe)2,549262.1114645548
La(MnAl2)4,402455.17677755473
La(MnGe)2,728356.3738320859
La(MnSi)2,737516.9357851933
La(PdO2)2,63988.94695045864
La(SeO3)2,61714.70874075935
La0.2Nd1.8Fe14B1,1213554.3052807995
La0.4Nd1.6Fe14B1,1193093.7449047747
La0.58Ce1Pr0.1Nd0.32Fe12Co2B1,1010633.8886335354
La0.58Ce1Pr0.1Nd0.32Fe14B1,1002676.1414789406
La0.6Nd1.4Fe14B1,1178770.0864967755
La0.8Nd1.2Fe14B1,1153717.1604727362
La1.2Nd0.8Fe14B1,1091515.9488978093
La18In3Co28,166237.31339109177
La21Mn8Sn7C12,63737.56311429585
La2Bi,83754.78308097235
La2Co14B,791000.0
La2Co2O5,441679.8009691521
La2Co2Se2O3,356982.9531600136
La2CoIrO6,298183.60215464275
La2Fe(SeO)2,260495.71031263823
La2Fe14B,1097471.1007629938
La2Fe2S5,399527.52841854404
La2In,86472.26506548788
La2MgIrO6,72761.50761409353
La2MgRhO6,73048.23784519847
La2Mn(SeO)2,309774.11332908896
La2Mn3Cu9As7,361869.373868108
La2Mn3Cu9P7,341714.71366407885
La2MnNiO6,385824.15856195666
La2MnVO6,432255.25273141504
La2Mo2O7,244803.42978469544
La2MoO5,74851.85931741876
La2Ni2O5,237010.98988387914
La2Ni7,83125.76042753921
La2NiO4,192410.9384041715
La2NiRuO6,293228.942334981
La2RuO5,173271.13570882095
La2Ta2O9,95596.29469744857
La2U2Se9,108704.56407259437
La2US5,98400.75657390637
La2USe5,86624.66157826837
La2ZnIrO6,71497.20046396942
La2ZnRhO6,72638.51967952696
La3(CrN3)2,168034.00407068426
La3(NiO3)2,60185.06177375184
La3AlCoS7,54707.97877710154
La3AlCrS7,135979.24238702306
La3AlFeS7,136651.4008445625
La3AlNiS7,69029.54870868886
La3AlVS7,81514.90232123634
La3BeCrS7,103843.47011803972
La3BeVS7,69258.43168441558
La3Co29(Si2B5)2,353828.53227693227
La3Co2S7,105604.60382914124
La3Co3O8,307902.538331625
La3CrW(SO2)3,126498.40605123798
La3Fe2S7,272736.68118707155
La3FeCoS7,228559.93244310108
La3FeNiS7,243868.7924203504
La3FeO6,293782.21437386464
La3In,101337.38207353686
La3InFeS7,130257.81133855483
La3InNiS7,65389.5542374802
La3IrO7,117340.17991934138
La3MnAlS7,169097.55009260785
La3MnBi5,127423.58292641235
La3MnFeS7,333065.8759223155
La3MnS5,196208.6534045512
La3MnW(SO2)3,167937.88620786872
La3MoO7,55715.33642916016
La3Ni2O7,178975.4292773544
La3NiW(SO2)3,52039.544804336096
La3OsO7,173293.10109286816
La3Ru3O11,71377.87861948642
La3RuO7,178772.89237177809
La3TiAlS7,50107.538840918445
La3Tl,115217.90202765007
La4(CoO3)3,372297.1573521044
La4Bi3,107893.68730370009
La4Co3O10,368158.70344494283
La4CrS7,121004.58069424127
La4Fe(SbS5)2,97095.33709283062
La4FeSe6O,125522.37158906
La4Mn(Cu3S5)2,114429.04067563286
La4Mn5(Si2O11)2,406908.03043902654
La4MnS6O,172531.74951498074
La4Mo2O11,73623.17166388803
La4Ni3O10,176260.76740417228
La4Ni3O8,89223.6015184664
La4NiS7,61461.14251356342
La4Ti9(Si2O15)2,65570.15401467368
La5AgPb3,64238.96333124053
La5Bi3,51229.41866207564
La5CrPb3,96487.64537061927
La5MgRe3O16,56366.710915887285
La5MnOs3O16,222769.06583516268
La5MnPb3,71892.62528618806
La5Pb3I,61626.61749818254
La5Sb3,53725.839946155786
La5Si3,50355.20387356157
La5Sn3,105593.55368901842
La5Sn3Br,64285.03807364383
La5Sn3Cl,65263.916564947765
La5Sn3I,62363.6549677982
La5Ti4FeO17,133483.32142261686
La7(IO6)3,224600.9882699771
La7(RuO6)3,205104.294169636
La8Ni4O17,143789.63959534143
LaB4ClO8,103668.89682987177
LaBRh3,79067.29371802593
LaBr,106178.06629437968
LaBr2,81974.17631539528
LaBr3O7,91275.4880815506
LaCO4,116837.65766267726
LaCl,109938.79594124421
LaCo(BO2)5,170714.10745756078
LaCo2AsN,190350.47047104497
LaCo4B,392971.99359325075
LaCo5,711000.0
LaCo5P3,254823.94604993722
LaCo8P5,290939.50789708516
LaCo9Si4,537422.155576464
LaCoGe,200165.1086493003
LaCoO3,320584.24160557997
LaCoPO,99217.49544533293
LaCoSb2,85226.36792225555
LaCoSi,55466.0799119864
LaCrGe3,212308.15335061724
LaCrO3,470328.9047550779
LaCrO4,112881.00370178545
LaCrS2O,307264.6561725193
LaCrS3,279969.6108283944
LaCrSb3,203568.2264861095
LaCrSe3,244203.65484126416
LaCrTeO6,223327.53070997258
LaFe12O19,1513205.1648624595
LaFe2AsN,466249.6354481953
LaFe3(BO3)4,656743.6302318977
LaFe5(GeO5)3,756677.7214214166
LaFe9Si4,707011.475252361
LaFeGe2O7,315563.1573752663
LaFeGe3,114229.96834244883
LaFeO3,736219.2278051703
LaFePO,476417.5520984995
LaFeSi,274558.24535794754
LaGa2Co3,76374.4505483285
LaGaO3,190616.61145327077
LaH2S2NO9,90463.95796602004
LaMg2Ni9,189565.85414964147
LaMgAl7Fe2,54720.341384671825
LaMgNi4,74829.00085628306
LaMn2O5,651862.5473532013
LaMn3Ni2,1038933.8681694964
LaMn3V4O12,810614.9068446966
LaMn7O12,1184542.5345318418
LaMnGe,463707.3869217534
LaMnO3,604629.2743561184
LaMnSbO,499264.4072955815
LaMnSi,522358.56554665294
LaMnSi2,421408.69247423526
LaMo2O5,348302.9334265779
LaMo5O8,735625.463456252
LaN3O13,77309.42572334048
LaNb2O7,56443.98291362952
LaNdFe14B,1109230.583191249
LaNi5,192164.1023897092
LaNiO2,170586.30456029912
LaNiO3,164952.03245411784
LaO2,173789.45464039067
LaO3,481282.09784526704
LaP2H2CO6,59415.43647540517
LaP2H2O9,123622.7483194843
LaRuO3,144307.25781042132
LaSO5,95097.95246709797
LaScGe,121345.02548603699
LaScSb,83411.90142156086
LaScSi,123587.06846681728
LaSe2O9,220848.21786394005
LaTa2CuClO7,51102.95246367315
LaTiGe,239881.4840489878
LaVO3,300961.9657016338
Li(CeGe)4,178884.44839545805
Li11La12Fe3O28,208677.88505795007
Li2Ce2Ge3,108407.2892736822
Li2CeGe,202507.71124327352
Li2CeSb2,82993.21091289117
Li2Eu5O8,1452556.428158515
Li2EuGeS4,389335.88794009
Li2EuSiO4,705828.1079498433
Li2LuSiO5,85553.22279283633
Li2NdGe,105801.69988469129
Li2PrGe,106662.34619347384
Li2PrO3,110158.5085888354
Li2Sc(PO4)2,58905.390544177106
Li2TbF6,90420.4138663544
Li3Ce5Ge4,141009.81414645098
Li3CeBi2,66644.9645665797
Li3CeSb2,67886.15618722427
Li3Gd(BO3)2,519959.02578732034
Li3GdBi2,469933.4319165888
Li4Ce3Ge4,62490.540144042425
Li5Ce5(SiN3)4,139839.88047197222
Li6Eu5Sn9,621070.3240466606
Li6Gd(BO3)3,328575.8052443469
Li6Tb2O7,102996.47266834561
Li7(Eu2Bi3)2,567690.415042147
LiCe(CuP)2,90281.90487912128
LiCe2HO3,199691.561225084
LiCeGe2,117798.90315105743
LiCeO2,183807.72366000948
LiCeSi2,111543.39871223307
LiCeSn,114782.79255813383
LiCeSn2,98858.08572744283
LiEu(PO3)4,232186.0460952303
LiEu2CBr3N2,665038.5718017203
LiEu2CI3N2,583010.8298826045
LiEu2Ge3,903664.2502208432
LiEu3O4,1624100.0915236708
LiEu3SiCl3O4,852885.5053081963
LiEu4(BN2)3,1301688.8537324045
LiEu4C3(IN2)3,764603.5278998566
LiEuAs,985423.3386645716
LiEuAsS3,496253.1750513431
LiEuBi,778915.2864731418
LiEuGe2,737641.5211927275
LiEuH3,1264435.412508019
LiEuO2,1055179.8127399923
LiEuPS4,387945.6456971299
LiEuPSe4,351570.9685970988
LiEuSb,825969.0599927552
LiGd(PO3)4,277470.2137731456
LiGd6B3O14,1279988.11947219
LiGdCl4,471462.2436791777
LiGdO2,1258963.0723788184
LiGdSe2,688826.5648475136
LiLa2FeO6,249038.00115677578
LiLa2IrO6,145874.54208160067
LiLa2MoO6,70698.73156930186
LiLa2OsO6,223308.62915113944
LiLa2ReO6,145060.6272956249
LiLa2RuO6,218625.40652131647
LiLa4NiO8,50368.550917096305
LiNd2IrO6,151550.41456110205
LiNd2OsO6,222451.82079400835
LiNdBO4,115843.38431489612
LiPr2IrO6,147951.37495964463
LiPr2OsO6,219473.9076031082
LiScMo3O8,348554.578425764
LiSm2IrO6,157337.21721878732
LiSm2OsO6,227677.68960088308
LiSmAlF6,62086.36460717989
LiSmEu2O4,1094573.463319219
LiYMo3O8,328122.4613819614
Lu,154077.63893073518
Lu(Al2Cr)4,105322.26686378701
Lu(CrSi)2,124255.68475992982
Lu(FeB)2,560305.8601649266
Lu(FeO2)2,947189.1992938602
Lu(FeSi)2,255511.02309571096
Lu(FeSn)6,518746.12562145287
Lu(GaFe)6,554005.1575602369
Lu(MnGe)2,746728.0314249848
Lu10Mn13C18,113165.29508326105
Lu2B2N2O13,139147.598683009
Lu2Co12P7,186128.69187088232
Lu2CoB6,93668.51320389537
Lu2CoTe2(SO7)2,92212.30890364395
Lu2Cr2C3,122166.51324790981
Lu2Cu(B2O5)2,59430.91215539017
Lu2Cu2O5,163095.65466135726
Lu2Fe14B,930500.0
Lu2FeS4,236141.40948551195
Lu2Mn2O7,480139.5114071245
Lu2MnSe4,251449.98912755842
Lu2N3,353247.88856139424
Lu2Ni17,274734.0316323421
Lu2Ru2O7,288739.0617918301
Lu2V2O7,151019.61838799636
Lu3Co11B4,289309.197719209
Lu3Co29(Si2B5)2,354520.0381885527
Lu3Mn3Ga2Si,391818.8633076319
Lu4Ge6Os7,57932.373127706036
Lu6Co30P19,98518.50044517791
LuCo3P2,82492.81153683718
LuCo5P3,111274.15249377866
LuCoC,232947.46301607692
LuCoO3,367700.78950561135
LuCrO3,529885.8501944083
LuCrO4,124647.47629799448
LuFe4(CuO4)3,898671.900870329
LuFeC2,338962.68651745055
LuFeO3,804111.7092284588
LuI3O10,79003.10221334646
LuI3O11,155605.94142036783
LuMn2O5,773743.6531599739
LuMnO3,644245.6749200752
LuMnSi,388744.63628045993
LuMnSn2,290591.90505695867
LuN3O13,220833.30354123106
LuNi5,220991.92518778844
LuNiO3,181431.75824505553
LuO2,221309.8335311175
LuU4S5O4,327784.70601661
LuVO3,329234.09640704945
M1.8Sm0.2Co5,779000.0
Na10EuSn12,91825.32538332994
Na2Ce2TiSi(CO6)2,74293.65723623495
Na2Eu2Ti3O10,521662.450307652
Na2EuC(OF)3,418872.84696267557
Na2EuCl5,265057.94956966426
Na2Gd2B2O7,821407.0367554312
Na2Gd2MgSi4(O6F)2,451061.98136178084
Na2Gd2Ti3O10,618111.4441962177
Na2GdMnAs2O9,512335.30131534714
Na2LaSiO5,75901.86462838964
Na2NdGeO5,74482.65043619726
Na2NdN5O16,56526.29377860636
Na2PrGeO5,73347.67841984592
Na2PrN5O16,56607.68174470044
Na2PrO3,98776.377501616
Na2ScCuF7,61080.030523795955
Na2ScSiO5,82648.13580788221
Na2TbO3,107046.27681658503
Na3Ce(PO4)2,51355.92816726727
Na3Ce2C4O12F,71310.8180425801
Na3Eu(CO3)3,268312.9256452127
Na3Gd(CO3)3,324515.06481637264
Na3Gd(PO4)2,370239.4491114712
Na3GdBr6,217313.93787859764
Na3LaMn3(AsO5)3,321933.83118683717
Na3LaN6,528645.9802323765
Na3Nd14(RuO6)6,180088.6895184164
Na3Pr14(RuO6)6,176783.16155995475
Na3SmMn3(AsO5)3,330085.5475362151
Na3YN6,554862.1355436398
Na5Eu4Si4O16F,587401.7788471585
Na5Gd(MoO4)4,176291.7122879434
Na5Gd4Si4O16F,680272.5061959822
Na5Sc(C2O7)2,115186.07608192897
Na8Y3(SiO3)12,67703.68211835164
NaCe3GeS7,103270.2783106674
NaCeP2O7,62659.605708660805
NaCeSe2,83754.20774809702
NaDyP2H2CO7,110165.58051659424
NaEu(PO3)4,233819.8366249672
NaEu2AlP3,804738.8846116781
NaEuAsS4,377624.0814875225
NaEuGeO4,527425.2135150161
NaEuP2H4CO7,306024.28971559147
NaEuS2,582737.4607993846
NaGd(PO3)4,271949.44290722586
NaGd3GeS7,759198.2367007226
NaGdCl4,419322.2586304741
NaGdGeO4,630348.12854048
NaGdH2S2O9,355976.4968897989
NaGdO2,1146537.3218140549
NaGdRe4(H2O5)4,139241.28388489055
NaGdS2,702183.409038769
NaGdSe2,623339.9589444826
NaGdSiO4,690278.4123461236
NaGdTiO4,714038.5263326925
NaHoBO5,296910.445210543
NaLa(SeO5)2,167441.5861731185
NaLa2IrO6,135464.47414647002
NaLa2OsO6,200825.86896801202
NaLa2RuO6,202307.75803310037
NaLaFeWO6,289142.96525796823
NaLaMnWO6,355179.8740731992
NaNd2OsO6,213473.10732140858
NaNdB6O13,150063.47204742004
NaNdFeWO6,293885.18383241515
NaNdMnWO6,360593.666951178
NaNdP2H2CO7,105206.5932020346
NaPr2IrO6,137420.44337455917
NaPr2RuO6,206447.147716984
NaSm2IrO6,142281.10475045408
NaSr3GdP3O12F,221689.89331849557
NaTbMnWO6,372239.9219861354
NaTbP2H2CO7,109327.02109704528
Nd,158688.20912374646
Nd(Al10Cr)2,160312.33762863916
Nd(Al2Cr)4,123768.82589714373
Nd(CO3)3,62706.20175804542
Nd(ClO2)3,104237.07797867317
Nd(CoAs)2,214150.7587500516
Nd(CoP)2,219971.85114214307
Nd(CrSi)2,112688.5203997134
Nd(FeB)4,90672.35634016657
Nd(FeGe)2,564478.4785993411
Nd(MnGe)2,742376.0095330757
Nd(Mo4O7)2,617157.6413057597
Nd(N5O9)3,288111.302955009
Nd(SeO4)3,107994.60264226723
Nd0.5Dy1.5Fe14B1,636619.7723675814
Nd1.5Dy5Fe14B1,994718.3943243459
Nd1.9Dy0.1Fe12Co2B1,1225493.061807594
Nd2(SeO4)3,125498.7245041596
Nd2Co12P7,336508.65936959226
Nd2Co14B,968427.5808016683
Nd2CoTe2(SO7)2,88714.472223549
Nd2Cu(GeO4)2,54033.346895560724
Nd2Fe10Co4B,1182493.8119147494
Nd2Fe11Co3B,1366609.6432154232
Nd2Fe12.6Co1.4B1,1229194.6385436007
Nd2Fe12.6Ni1.4B1,1048604.8888708751
Nd2Fe12Co2B,1276842.1971779403
Nd2Fe13.5Co0.5B1,1351096.712874379
Nd2Fe13.85Re0.15B1,1182245.6464462627
Nd2Fe13.8Re0.2B1,1154659.9146958496
Nd2Fe13.95Re0.05B1,1237417.109947088
Nd2Fe13.9Re0.1B1,1213772.197018163
Nd2Fe13CoB,1193810.1437247868
Nd2Fe14B,1262864.6359251756
Nd2Fe14C,1122042.348797862
Nd2Fe2Co12B,987975.5999869129
Nd2Fe2Se2O3,469166.304529757
Nd2Fe3Co11B,1083803.0275795902
Nd2Fe4Co10B,1083829.893552114
Nd2Fe5Co9B,1170847.506223922
Nd2Fe6Co8B,1210900.3949735113
Nd2Fe7Co7B,1127390.9594182614
Nd2Fe8Co6B,1251464.5712837738
Nd2Fe9Co5B,1316327.2649919149
Nd2FeCo13B,986927.3179545384
Nd2In,99084.73739075956
Nd2Ir2O7,132321.4289363443
Nd2MgIrO6,74479.23932118363
Nd2Mn0.2Fe11.8Co2B1,1231939.7462175563
Nd2Mn0.4Fe11.6Co2B1,1174894.3307840885
Nd2Mn0.6Fe11.4Co2B1,1114269.8558922003
Nd2Mn0.8Fe11.2Co2B1,1056842.131001776
Nd2Mn1.4Fe12.6B1,602415.918295312
Nd2Mn2Fe12B,522741.66508472257
Nd2Mn3(SbS3)4,299390.4320232127
Nd2Mn3Cu9As7,361202.3491216667
Nd2Mn3Cu9P7,327963.2548074246
Nd2MnCoO6,466608.04520595673
Nd2MnFe11Co2B,1014712.3663986427
Nd2MnFe13B,943304.106284726
Nd2MnNiO6,392646.5257388208
Nd2Mo2O7,257507.5370064139
Nd2Ni7,85696.5671747349
Nd2NiO4,197643.7031844495
Nd2S3O16,232975.77802473438
Nd2S4N2O17,174536.28965283427
Nd2Sb,83339.61644291003
Nd2Tc2O7,389867.02348374645
Nd2Tl,95524.22207544191
Nd2US5,101508.61322777039
Nd2USe5,89206.52095303868
Nd3AlNiS7,70945.82071831402
Nd3BeCrS7,108203.57177072886
Nd3GaCoSe7,54180.2166942621
Nd3GaFeS7,140893.69824423603
Nd3GaFeSe7,122165.30363247062
Nd3GaNiS7,70900.01737990802
Nd3GaNiSe7,62244.76845455677
Nd3In,101979.08881596618
Nd3IrO7,120702.26979303392
Nd3MnAlS7,175154.044489446
Nd3MnBi5,130452.18725675765
Nd3MnGaS7,173844.71855216604
Nd3MoO7,57249.449956297896
Nd3Ni13B2,55977.29668630826
Nd3OsO7,180435.35223780494
Nd3ReO7,117535.53449635678
Nd3RuO7,180233.52512951376
Nd3Tl,107826.50393596065
Nd4Co3O10,352853.17023566435
Nd4CrS7,119193.21954251005
Nd4FeS6O,144478.03509895175
Nd4MnS7,157734.86511075927
Nd4MnSe6O,161093.3346147139
Nd4Ni3O10,178106.64463766056
Nd4Ni3O8,92851.84945441723
Nd4V5(Si2O11)2,197640.8837036746
Nd5CuBi3,64868.18633549044
Nd5Ga3,52479.499485331035
Nd5Ni19,98136.08354159782
Nd5Si4,61182.08256156586
Nd5Ti4FeO17,137973.76551362986
Nd6Fe41B3,1461000.0
NdB4ClO8,106601.6088189388
NdB7ClO18,135928.1773696738
NdBRh3,88941.75577681848
NdCO4,121746.7089794589
NdCd,70985.32168486968
NdCo(BO2)5,173513.913667665
NdCo5,931500.0
NdCoAsO,94455.51630890147
NdCoGe,221380.97111686217
NdCoP,152668.14473709263
NdCoSb2,83787.8656646374
NdCrO3,474586.7419657542
NdCrO4,107673.98484533394
NdCrO5,87037.78709145184
NdCrS2O,321096.18472343055
NdCrS3,288402.19073614996
NdCrTeO6,229051.24889838818
NdCu3Se2ClO8,123712.28819810119
NdCuPbC3O11,79867.05129735019
NdDyFe14B,811690.2097686662
NdEuCuS3,509325.20253572223
NdFe3(BO3)4,664504.6802948448
NdFe4(CuO4)3,883133.3709264171
NdFeAsO,467714.317186615
NdFeGe2,162573.5839981068
NdFeO3,605227.3556022322
NdGaO3,194914.45380995
NdGdFe14B,970339.883687372
NdHg,67520.81698327296
NdI3O10,76665.79887888672
NdMn2O5,701483.0896571795
NdMn3V4O12,853838.678056463
NdMnAsO,571482.3563759344
NdMnB4,150136.10083668848
NdMnO3,616660.3006984326
NdMnPO,603562.7907565528
NdMnSbO,504111.3653789105
NdMnSi,306627.7641078782
NdMnSi2,279954.0666927029
NdMo5O8,697817.0657603865
NdNO5,180052.0100772581
NdNi(BO2)5,116481.58094973849
NdNiO2,177600.67424644387
NdNiO3,168145.37395480866
NdO3,384236.9304255078
NdP2H2CO6,61646.44131727154
NdRu2,65320.31023169556
NdScGe,125939.00245690026
NdScSb,71421.32196630209
NdScSi,112665.88599768716
NdTiCrO5,283476.1767365503
NdTiO3,149518.48607554092
NdVO3,309068.71369806485
NdWO5,80301.04242972597
Pr,165932.19671393093
Pr(Al10Cr)2,58816.4404733939
Pr(Al2Cr)4,125239.53133002369
Pr(BO2)5,106177.74509606147
Pr(ClO2)3,99464.00768677067
Pr(CoAs)2,214129.47364939243
Pr(CoP)2,206255.7559815605
Pr(FeB)4,92713.69622727556
Pr(FeGe)2,558591.0107795262
Pr(MnGe)2,736165.7155918794
Pr(MnSi)2,741289.5139485593
Pr(MoO2)6,532438.5917497375
Pr(NO5)3,117467.56669244838
Pr0.4Nd1.6Co14B1,931015.3271958164
Pr0.8Nd1.2Co14B1,906022.5650865759
Pr1.2Nd0.8Co14B1,892989.6367714619
Pr1.4Nd0.6Co14B1,888536.5256461045
Pr1.6Nd0.4Co14B1,884364.9926618505
Pr1.6Nd0.4Fe3Co11B1,995163.1552805131
Pr1.8Nd0.2Co14B1,880378.4025137917
Pr1.9Dy0.1Fe13Co1B1,1202732.784123235
Pr2(N4O9)3,131692.03942583138
Pr2Bi,81451.16462878602
Pr2Co12P7,336390.89169822464
Pr2Co14B,877002.958878132
Pr2CrS4,215261.52663491623
Pr2CrSe4,191332.99192529568
Pr2Fe11Co3B,1171716.2629316812
Pr2Fe12.6Co1.4B1,1254936.7262795947
Pr2Fe12Co2B,1211381.603283389
Pr2Fe13CoB,1204635.0512263607
Pr2Fe14B,1208092.6743744547
Pr2Fe14C,1010633.8886335354
Pr2Fe2Co12B,937388.0395400045
Pr2Fe2S2O3,495421.90030447213
Pr2Fe2Se2O3,462747.5654065747
Pr2Fe4Co10B,1002469.3823159254
Pr2Fe6Co8B,1058329.4165492125
Pr2Fe7Co7B,1095075.902136578
Pr2Fe8Co6B,1111862.2818720206
Pr2Fe9Co5B,1144417.7055161016
Pr2In,93091.50163438628
Pr2Ir2O7,129324.04019879168
Pr2MgIrO6,73855.92356547683
Pr2Mn0.2Fe11.8Co2B1,1151050.8201909577
Pr2Mn0.4Fe11.6Co2B1,1102365.3641558927
Pr2Mn0.6Fe11.4Co2B1,1044926.4428374097
Pr2Mn0.8Fe11.2Co2B1,991708.6877343717
Pr2Mn2Fe12B,486872.8843547767
Pr2Mn2Se2O3,558860.6797425636
Pr2Mn3(SbS3)4,295396.8482937258
Pr2Mn3Cu9As7,359630.7707460227
Pr2Mn3Cu9P7,299962.7891978721
Pr2MnFe11Co2B,930526.464781897
Pr2MnFe13B,872954.5674039643
Pr2Ni7,83638.37142093142
Pr2NiO4,194163.42426429482
Pr2Ru2O7,66918.99062082097
Pr2S3O20,386451.4506527731
Pr2Tl,99453.06460171165
Pr2US5,100140.6953865609
Pr2USe5,87990.92274713752
Pr3(MnSn)4,537029.2509218913
Pr3AlFeS7,139631.546821077
Pr3AlNiS7,70244.6498117363
Pr3BeCrS7,105963.24469987053
Pr3GaFeS7,139188.42488156483
Pr3In,98341.13158460516
Pr3InFeS7,131563.33002268686
Pr3IrO7,118460.90228968738
Pr3Mn2Sb3O14,309637.00431483274
Pr3MnAlS7,172146.62650497214
Pr3MnBi5,129796.6091081836
Pr3MnGaS7,170995.62289087276
Pr3MoO7,57859.19796911183
Pr3OsO7,176859.65195673206
Pr3ReO7,115233.08671901516
Pr3RuO7,179136.80278681274
Pr3Si2,61620.187140643786
Pr3Tl,101763.09910648022
Pr4CrS7,117846.41926647637
Pr4Mn2As5,217068.59411184772
Pr4MnS7,154792.56769875222
Pr4MnSb9,91618.63767943805
Pr4V5(Si2O11)2,152249.52125876976
Pr5(RuO6)2,164426.07820889773
Pr5Ni19,93376.8593902278
Pr5Si4,77252.94592025492
Pr5Sn3,76219.15660906947
Pr5Ti4FeO17,136439.67716665822
Pr6O11,132766.89471032214
Pr7O12,87588.28716476564
Pr9O16,111329.19616773554
PrB4ClO8,105670.34940877074
PrBr5N2,59570.87363000676
PrCO4,121753.38257292364
PrCd,71982.04365524126
PrCl3O7,85183.81943880473
PrClO2,236755.54579297535
PrCo5,939500.0
PrCo8P5,56267.83836641082
PrCoGe,218175.16565130357
PrCoO3,288954.6433194144
PrCoP,151700.6698328655
PrCoSb2,83615.34276537024
PrCr2Si2C,134995.82560937954
PrCrO3,474678.2846519245
PrCrO4,105718.19492464646
PrCrTeO6,227496.89263697952
PrEuCuS3,498140.980819619
PrFe4(CuO4)3,874529.738928535
PrFeAsO,453364.4763548698
PrFeGe2,163231.01047394183
PrFeGe2O7,320509.7626660677
PrFeH8C6(N3O2)2,118866.73089941508
PrFeO3,763823.1280604085
PrFePO,503611.965906831
PrFeSb2,188661.1150576542
PrGa2Co3,80400.34440208349
PrGaO3,190270.78970963781
PrHg,66826.5699976525
PrMgAl7Fe2,55128.019750442334
PrMn2O5,691839.0693266704
PrMn4(CuO4)3,713576.2375350273
PrMn7O12,1189916.050635722
PrMnB4,148989.68260635814
PrMnGeO5,358890.27298082656
PrMnO3,624136.9555592533
PrMnSi,299682.2423202013
PrMnSi2,252039.72734938335
PrMo5O8,699806.6078782208
PrNdFe14B,1273000.0
PrNiO3,167110.43014734006
PrO2,206972.1605058093
PrO3,459539.1661235689
PrP2H2CO6,60804.65278072354
PrP4NO12,71640.52933704761
PrRu2,62879.559019641754
PrRuO3,146450.761974378
PrScGe,124555.57225884148
PrScSi,114854.47969313715
PrSe2NO13,402737.3932056603
PrTe,80650.75107916167
PrVO3,306854.0918779375
PrYSi2O7,53182.464855311235
Rb2EuGa(SiO3)4,171556.41575486222
Rb2GdGa(SiO3)4,203662.71438848812
Rb2Li14Pr3O14,64664.524803172506
Rb2Li14Tb3O14,68843.64146261894
Rb2Tb3AlF16,57108.20703409111
Rb2TbF6,59884.56274738619
Rb2TbO3,69399.81837403284
Rb3La(Cl3O)2,100469.01019770851
Rb3LaN6,385086.57859993173
Rb5CeNi2(NO2)12,54084.717561718084
Rb7DyFe6(P4O17)2,326322.5971057428
Rb7EuFe6(P4O17)2,389712.0787762601
Rb7GdFe6(P4O17)2,416998.9199167923
Rb7SmFe6(P4O17)2,324130.68313412427
RbCeS2,76971.9494352467
RbCeSe2,69048.72375030722
RbCeTe2,56899.454935632806
RbEu(PO3)4,212874.07407782003
RbEu(SO4)2,308532.1912584118
RbEu3F10,768673.5083896964
RbEuAsS3,382834.4329385504
RbEuO2,769904.9133640946
RbEuPO4,584037.971123333
RbEuS2,474116.3135423218
RbEuSiS4,298119.420013857
RbGd(PO3)4,255709.10299217716
RbGd(WO4)2,380924.93788181647
RbGd2CuS4,669522.4374434523
RbGd2CuSe4,591923.8138371308
RbGdH2S2O9,312113.93247539614
RbGdO2,916067.2384374664
RbGdS2,577987.7725605854
RbGdSe2,517195.6379461807
RbGdTe4,297001.9756564298
RbHoS2O9,92654.4891740109
RbLa(ClO)4,70474.78273145434
RbLa9(IrO6)4,135628.462366153
RbNd2I5,59287.06043233943
RbSc(PO4)2,97677.94595346239
RbY(CO3)4,254763.51280537786
RbYN4,488484.0398792666
Sc,256136.79927459246
Sc(CO2)3,169200.4235620567
Sc(Fe2P)2,1020865.8214778898
Sc(Fe2Si)2,396814.32231651
Sc(NF2)3,435514.1842038161
Sc(US2)3,369641.08159527596
Sc2Co12P7,190528.20955627604
Sc2Cr4Si5,155245.04621482317
Sc2CrB2Rh5,194512.13442036996
Sc2CrB6,161458.00265282544
Sc2CrC3,161064.68699529918
Sc2Cu2Ge4O13,63417.39471413352
Sc2Cu2O5,178489.0197312025
Sc2FeB2Rh5,304184.75802214263
Sc2FeS4,255894.49291217167
Sc2In,127884.45665309581
Sc2Mn2O7,504640.0682748855
Sc2MnNiO6,454165.68051145953
Sc2MnS4,310335.2650915366
Sc2MnSe4,269286.5056497137
Sc2Sb,59630.29771811579
Sc2VO5,104742.80654767543
Sc3(Ga3Fe)2,155467.5438523854
Sc3(MnGa3)2,208203.0100633569
Sc3As2,84386.81698644818
Sc3FeC4,196876.6774311787
Sc3In,191323.6571225777
Sc3P2,86257.66823465325
Sc5Bi3,66046.07893331023
Sc5Sb3,50218.48589243098
Sc5Si3,56342.122955038445
Sc6Co16Si7,140366.16950451344
Sc6FeTe2,95802.16453590788
Sc7BCl12,58339.63758868524
Sc7Cl12,145355.70422788913
ScAs2H4NO7,90310.3248847078
ScAsO5,175621.8914221068
ScCdNi4,79347.01489103625
ScCl,137345.72204889843
ScCo5P3,120096.78447535136
ScCoP,203561.04444313244
ScCoSn,179369.5864083909
ScFeC2,196939.7859826876
ScFeGe,509979.08375649236
ScFeGe2,298691.67714440945
ScFeSi2,102083.27582797993
ScH8(NF2)3,91712.29595061448
ScMnGe,630573.137895813
ScMnGe2,425563.3417941783
ScMnO3,674123.0096772609
ScMnSi,573376.5130675901
ScMnSi2,124077.45256904537
ScNi4Au,157122.61226355817
ScNi5,208233.05553031698
ScO2,224731.59749117965
ScU3Sb5,296836.48637741717
ScU8S17,265843.6534973708
ScUS3,251449.2683364166
ScZnMo3O8,390447.1367709247
Sm(Al10Cr)2,55225.4428935145
Sm(Al2Cr)4,129517.83040639987
Sm(BH4)2,91658.3229515118
Sm(ClO2)3,86634.7623069221
Sm(CoP)2,212412.00822450503
Sm(CrB3)2,89730.2950475761
Sm(CrSi)2,119487.75422730086
Sm(FeGe)2,573356.2793650875
Sm(MnGe)2,752515.2755624042
Sm(Mo4O7)2,619305.9547654071
Sm0.6Gd0.4Co5,580000.0
Sm11Br24,78239.20551647856
Sm1Co3.75Cu1.25,281000.0
Sm1Co4.25Cu0.75,362000.0
Sm1Co4.5Cu0.5,450000.0
Sm1Co4.75Cu0.25,534000.0
Sm1Co4Cu1.25,312000.0
Sm1Co6.786Cu1.014,867000.0
Sm2(MnBi2)3,341406.9790464166
Sm2Co17,970000.0
Sm2CoTe2(SO7)2,90545.0719665425
Sm2EuBeO5,574687.2504135035
Sm2Fe1.7Co15.3,779000.0
Sm2Fe12P7,54254.828389067654
Sm2Fe17N3,1230000.0
Sm2Fe2Se2O3,480358.3029321769
Sm2Fe3.4Co13.6,619000.0
Sm2Ga2Fe15C,1330000.0
Sm2In,99284.37125210253
Sm2MgIrO6,76087.3221784163
Sm2Mn3(SbS3)4,300924.4447885232
Sm2MnCoO6,316370.8626435998
Sm2MnGa6,145239.8487636183
Sm2MnNiO6,399213.87777360703
Sm2MnTe5Cl2O13,119186.95069546418
Sm2Mo2O7,263682.1163014358
Sm2Ni7,87242.87136918501
Sm2Tc2O7,399647.3812794424
Sm2Ti0.11Co16,887000.0
Sm2Ti0.12Co16,887000.0
Sm2Ti0.13Co16,887000.0
Sm2Ti0.14Co16,887000.0
Sm2Ti0.1Co16,887000.0
Sm2Ti0.2Co16,887000.0
Sm2Ti0.3Co16,887000.0
Sm2Ti0.4Co16,887000.0
Sm2Ti0.5Co16,887000.0
Sm2Ti0.6Co16,887000.0
Sm2Ti0.7Co16,887000.0
Sm2Ti0.8Co16,887000.0
Sm2Ti0.9Co16,887000.0
Sm2TiMnO6,371519.54479788
Sm2Tl,101465.84930551378
Sm2USe5,91028.87810082926
Sm2V0.2Co16,961000.0
Sm2V0.4Co16,865000.0
Sm2V0.6Co16,1121000.0
Sm2V0.8Co16,1069000.0
Sm2VCo16,983000.0
Sm3AlFeS7,143257.38765227
Sm3AlNiS7,73229.15814669365
Sm3B13O29,158778.11738123404
Sm3BeCrS7,111675.61535010808
Sm3Co6Sn5,118743.68853328149
Sm3CrSe6,116040.75264597786
Sm3FeO6,324110.12449312303
Sm3GaCo3,70905.97183510991
Sm3GaFeS7,143675.8988450987
Sm3GaNiS7,72858.86716646574
Sm3GeO8,159931.3628027233
Sm3In,110361.51209218994
Sm3IrO7,124877.09756992801
Sm3MnAlS7,179086.80962974016
Sm3MnGaS7,177428.7645414856
Sm3Ni13B2,66591.82343655349
Sm3OsO7,186596.01226395206
Sm3P3O14,100276.91968021456
Sm3ReO7,121425.27564001927
Sm3RuO7,189122.95470153686
Sm3Si2Ni,66915.37124680105
Sm4B18Cl3O38,152512.1237223026
Sm4CrS7,126247.10198907107
Sm4FeS7,133106.11514621467
Sm4FeSe6O,134530.79846643878
Sm4I6O,51741.485102206534
Sm4Mo4O11,400756.148529311
Sm4NiS7,67313.09807016945
Sm5Br11,77582.76495090664
Sm5Si4,104187.00755477771
SmB7ClO18,136468.52950259292
SmBeF4,115878.03728829406
SmCO4,125571.77627764674
SmCd,73106.1013037376
SmClO2,128113.67345126637
SmCo(BO2)5,175783.0303620161
SmCo5,860000.0
SmCoAsO,93843.5193669164
SmCoP,157599.49858901155
SmCoSb2,75101.11093423805
SmCoSe2ClO6,157484.91360668576
SmCrO3,483458.4780275486
SmCrO4,111184.7889579406
SmCrS3,294322.86340241024
SmCrTeO6,233773.76177028348
SmEuCuS3,485774.7377870364
SmFe3(BO3)4,694771.0220486941
SmFe4(CuO4)3,882414.8282650278
SmFeAsO,481959.2323816821
SmFeGe2O7,328254.14355286787
SmFeH8C6(N3O2)2,122845.02150825031
SmFeO3,681284.0156831027
SmFePO,520448.8432333163
SmGa,57178.79662887517
SmGa2Co,90680.24892746883
SmH8(NO5)3,119243.39780575379
SmI3O10,78065.83354244428
SmIO9,113856.97051528131
SmMgF4,97909.76330161272
SmMn2O5,717283.8367810606
SmMn4(CuO4)3,721343.4155159576
SmMnGe2,278601.3173168557
SmMnO3,640949.6443069059
SmMnSbO,515508.2068775441
SmMnSe2ClO6,254885.18432559885
SmMnSi,312534.90406813106
SmMnSi2,287211.5996402118
SmMo5O8,704610.7979632082
SmNiO3,170964.57431362534
SmO2,187771.17810867037
SmO3,404619.3012550042
SmP2H2CO6,63214.13727333168
SmRu2,64666.755044591984
SmS2NO12,138097.18925126252
SmScSi,118369.9296949908
SmTe,94043.78683580513
SmTiGe,245895.29345934308
SmTiO3,152397.95651510925
SmVO3,314653.75558743457
Sr2CeIrO6,65469.48804155965
Sr2DyMoO6,64462.00354823936
Sr2DyRuO6,197122.2027911419
Sr2ErMoO6,65175.937435906475
Sr2ErReO6,128075.88900045739
Sr2ErRuO6,199733.50326250575
Sr2EuNb(CuO4)2,313341.9975142176
Sr2GdCu2RuO8,361852.984712293
Sr2GdCu3(PbO4)2,272470.0268292167
Sr2GdMoO6,503697.46894755
Sr2GdRuO6,667104.2125993778
Sr2GdS3,272539.4400600331
Sr2HoReO6,128353.01047808796
Sr2HoRuO6,198570.21261602387
Sr2LuIrO6,135498.29719654372
Sr2LuRuO6,203535.867777816
Sr2PrO4,76168.63145519343
Sr2ScFeAsO3,260569.1424250701
Sr2ScFePO3,273976.6706608097
Sr2TbIrO6,130437.62167256918
Sr2TbReO6,126305.56745024779
Sr2TbRuO6,196003.11535681342
Sr2TmReO6,130540.98733324473
Sr2TmRuO6,201123.03487512417
Sr2YCoCu2O7,211097.17889364588
Sr2YIrO6,130980.52850198938
Sr2YOsO6,195735.57891154793
Sr2YReO6,127169.3828155834
Sr2YRuO6,196885.1749933275
Sr2YbReO6,134613.96088943802
Sr3EuRhO6,337067.361310524
Sr3GdRhO6,410458.88190900255
Sr3Sc2Fe2As2O5,314249.27341336303
Sr3ScNiO6,61559.10038950853
SrCeI4,54189.97691427244
SrDy2CuO5,75774.12396704344
SrEu2Fe2O7,1344373.6589839081
SrGd2Al2O7,932764.9481997957
SrGd2Co2O7,882732.3146823073
SrGd2O4,1222758.6991408078
SrGd2Sc2O7,780916.2310825511
SrGdCuS3,487800.3974355954
SrGdCuSe3,427527.5504258291
SrHo2CuO5,76704.89667180288
SrPrO3,105638.28800068235
SrTb2Fe2O7,604960.1009701166
SrTbO3,114524.28891528507
Tb(Al2Cr)4,106176.49797304784
Tb(CrSi)2,119836.73125640735
Tb(FeGe)2,588428.9659559907
Tb0.1Nd1.9Fe12Co2B1,1225493.061807594
Tb0.5Nd1.5Fe14B1,945686.0448608727
Tb1.5Nd0.5Fe14B1,797131.6856447604
Tb10Mn13C18,110518.35597438697
Tb11Ce4Cu5,1093000.0
Tb11O20,146117.20863078712
Tb13Ce2Cu5,1074000.0
Tb2C,51503.94842741287
Tb2Co14B,264218.5679996127
Tb2CoTe2(SO7)2,98154.07577547162
Tb2Cr2C3,154059.8986175593
Tb2EuSe4,336555.58656886435
Tb2Fe12Co2B,563091.893607578
Tb2Fe14B,559948.4647775838
Tb2Fe14C,461549.33496649645
Tb2Fe2Co12B,310565.0764629563
Tb2Fe2Si2C,107439.38983145478
Tb2Fe5Co9B,395409.80897424975
Tb2Fe9Co5B,521525.11733837373
Tb2In,94417.70568818081
Tb2Mg,87127.33045062327
Tb2MnGa6,144114.56504176484
Tb2MnNiO6,411309.80495027185
Tb2Mo2O7,272632.31492500287
Tb2N3,331476.7287090654
Tb2Ru2O7,281272.4304773173
Tb2Ti3Ge4,131717.49330917976
Tb2Ti3Si4,83934.25897718442
Tb2Tl,98266.23581370221
Tb3Al,53454.658780333135
Tb3AlFeS7,150556.76700899706
Tb3CrSe6,120610.8414256242
Tb3Cu,1081000.0
Tb3GaFeS7,149236.41617006148
Tb3Ni13B2,80083.93176581162
Tb3OsO7,195650.80084491114
Tb3ReO7,101435.00697511852
Tb3RuO7,198608.7811037186
Tb4F15,91010.29582649251
Tb4Ga12Fe,64326.692526016595
Tb6Ce9Cu5,1103000.0
Tb6CoTe2,78582.71793194667
Tb6O11,152793.12315463752
Tb7O12,99510.05156725312
Tb9Ce6Cu5,1097000.0
TbBr,121466.53627071995
TbCO4,127480.23263009032
TbCl,123339.32125529763
TbCo5P3,125040.06425429546
TbCrO3,504841.6514995631
TbCrO4,121366.73728390392
TbCrO5,92977.13166201749
TbCrTeO6,241602.13463994945
TbFe3(BO3)4,678109.1479717855
TbFe4(CuO4)3,888035.4506135989
TbFeAsO,489411.079922418
TbFeGe2,129532.75752120536
TbFeO3,814483.7014486808
TbFeSi,68262.81476025288
TbH2C2SNO9,90014.03510254493
TbMn2O5,739875.4526728918
TbMnO3,604104.523166691
TbNdFe14B,833411.8066735403
TbO2,226348.13670967706
TbO3,433947.7115638757
TbScGe,117043.11164347989
TbTiGe,241207.2082251781
TbTiSi,195334.47328611693
TbVO3,327618.10154366476
Tm,140415.42861497635
Tm(Al2Cr)4,118710.26457916705
Tm(CrSi)2,122787.43129825349
Tm(FeGe)2,598947.759228166
Tm(FeO2)2,943932.7848251885
Tm(FeSi)2,254164.4634580087
Tm2Co12P7,240525.00973330022
Tm2CrS4,256507.39986978876
Tm2Cu(B2O5)2,60013.472473961345
Tm2Cu2O5,159536.73428178646
Tm2Mn2O7,472855.6929351737
Tm2N3,357101.29060267913
Tm2Ru2O7,75771.14483248809
Tm2V2O7,152504.01469653044
Tm3Ni13B2,96275.50504232521
Tm6Co30P19,98521.37219230748
Tm6CoBi2,126607.92814323955
TmCO4,115878.4698245391
TmCo5P3,175195.49464058902
TmCrO3,522443.60521398135
TmCrO4,122190.57112792392
TmCrTeO6,248673.99139455747
TmFe4(CuO4)3,890660.2025710171
TmFeO3,791701.1458442674
TmMnO3,633908.5418805729
TmNiO3,178712.29279680017
TmO3,467873.66743865074
TmVO3,339235.4233300566
Y,182046.80781460158
Y(Al10Cr)2,54033.989199308635
Y(Al2Cr)4,130098.11051473088
Y(Al2Fe)4,339455.233885876
Y(BO2)6,126802.56598241195
Y(CO2)3,218085.32332954218
Y(CO3)2,129836.70515435618
Y(Co2B)6,463473.60077518923
Y(CrSi)2,122154.61621676176
Y(Fe2Si)2,376412.4015408489
Y(FeB)2,324348.89042879746
Y(FeGe)2,589225.8675702505
Y(FeGe)6,551275.8659837797
Y(FeO2)2,959361.3259681996
Y(FeSn)6,517234.39533336717
Y(GaFe)6,551105.1833668571
Y(Mn2Fe)4,419607.71726903424
Y(MnGe)2,747674.1530029994
Y(MnSi)2,527612.7046863757
Y(NO4)3,142476.94345897867
Y10Mn13C18,109538.42268555664
Y2Be2Fe(SiO5)2,203615.83477819592
Y2C3O11,177391.0679137435
Y2Co14B,848500.0
Y2Co7B3,248325.76214455566
Y2Cr2C3,148037.97942527544
Y2CrS4,247323.86032161224
Y2Cu2O5,152329.08111634516
Y2Fe14B,1121000.0
Y2In,98048.81866891557
Y2Ir2O7,143221.27779407302
Y2Mn(Si3O7)4,79588.26163729413
Y2Mn2O7,458598.1200130777
Y2Mn5Co12,688667.90215186
Y2MnCoO6,511095.80129584897
Y2MnCrO6,562557.1360172007
Y2MnNiO6,413844.643888499
Y2N6O25,255911.56284131145
Y2Ni17,274718.1414715662
Y2Ni7,98213.19529666001
Y2Ru2O7,73251.2949829076
Y2Si2Rh,53833.70042519948
Y2V2O7,144852.3050231981
Y2VO5,78494.26205933231
Y3(ClO3)2,226304.4362260939
Y3Al,100145.26588239065
Y3AlNiS7,76319.14624252652
Y3BeCrS7,116407.47253917405
Y3MnAlS7,185483.44892026833
Y3MnAu5,184991.301497997
Y3NF10,92582.70635073159
Y3Ni,65792.37850186827
Y3Sb,63367.36178548736
Y3VH3O8,54837.859610106476
Y4(FeB2)3,102454.8386209826
Y4Ga12Fe,64372.92851351844
Y5Si4,67120.07877979243
Y6CoBi2,52147.919413176875
Y6Fe16O,1134729.3388524659
Y7Pt3,72083.46638711293
YBCO7,131786.18582844388
YBr3O10,67947.55822836357
YC4NO9,148998.39001800597
YCO4,121158.3896786979
YCl,139279.9023050518
YClO2,143774.1946514011
YCo(BO2)5,178284.91772430486
YCo3B2,127245.2433422966
YCo4B,453287.1388502594
YCo5,779500.0
YCo9Si2,583342.0652034967
YCo9Si4,303680.61835182196
YCoC,206644.37627089088
YCoGe,187325.64044875227
YCrO3,507284.0142775
YCrO4,117320.30429178344
YCrO5,92458.09813787804
YCrTeO6,242367.3964166606
YCu3Se2ClO8,129224.61805653831
YCu6ClO8,87672.88965494429
YCuSO7,133842.43868772488
YFeCo3B,544764.0247398503
YFeGe2,137198.40474100245
YFeO3,818974.8255894416
YI,86635.89157945126
YI3O11,149089.24273480813
YInCo2,301085.66542312223
YMgNi4,77770.21187366424
YMn2,172076.2930982615
YMn2O5,743722.8917097565
YMnB4,294778.48508107074
YMnGe,440940.4800777807
YMnNi4,601479.7832563603
YMnO3,596281.1154879348
YMnSn2,307455.68959333916
YN3O10,96441.92446665371
YNi3,116579.1451451712
YNi5,220983.4326703023
YNiH3SO7,139269.80199173457
YNiO3,176605.79467011843
YNiSO7,208595.6510276644
YO2,188297.70955480647
YO3,497939.09387936105
YP4NO12,64421.16646156913
YTiGe,232998.63658668782
YTiO3,157833.6856188871
YTiSi,197959.71130169198
YVO3,330811.1404921024
YW2O9,159541.02839705526
Yb,171551.40040516315
Yb(FeGe)2,598160.375414298
Yb(FeO2)2,989360.3571239035
Yb(MnAs)2,818272.0046771179
Yb(MnSb)2,674849.7554009599
Yb2FeS4,235453.28051336188
Yb2Sn,152855.56207129735
Yb3Ag2,104358.23868398997
Yb3Pd,59889.37569940171
Yb3SnO,95976.48798564824
Yb5CdCu2,56291.137374621176
YbBr2,58923.19482604072
YbCeS3,79834.51817404774
YbCeSe3,70454.78999800362
YbCo5P3,178218.367565134
YbCrO4,123155.73593039461
