Compound;Filename;Reference;DOI;La;Ce;Pr;Nd;Sm;Gd;Tb;Dy;Mn;Ni;Fe;Co;B;C;a;c;V;Nfu;muB;mu0Ms (T);mu0Ha (T);Tc (K)
Ce0.1Pr0.3Nd1.6Fe12Co2B;jurczyk1988;Journal of Magnetism and Magnetic Materials 73 (1988) 367-371 ;;0;0.1;0.3;1.6;0;0;0;0;0;0;12;2;1;0;0.8796;1.2167;9.4135611787200003e-28;4.249188935046467e+27;;1.58;6.7;715
Ce0.1Pr0.3Nd1.6Fe14B;jurczyk1988;Journal of Magnetism and Magnetic Materials 73 (1988) 367-371 ;;0;0.1;0.3;1.6;0;0;0;0;0;0;14;0;1;0;0.8805;1.2197;9.4560932092499978e-28;4.2300767467976944e+27;;1.56;6.9;578
Ce2Fe14B;AbacheOesterreicher1986b;J. Appl. Phys. 60, 3671 (1986);10.1063/1.337579;0;2;0;0;0;0;0;0;0;0;14;0;1;0;0.875;1.21;9.2640625e-28;4.3177601619160063e+27;19.80;0.99632415793214957;3;436
Ce2Fe14B;AbacheOesterreicher1985; J. Appl. Phys. 57, 4112 (1985); 10.1063/1.334635 ;0;2;0;0;0;0;0;0;0;0;14;0;1;0;0.87;1.21;9.15849e-28;4.3675322023608695e+27;19.8;1.0078090677986549;3.1;445
Ce2Fe14B;Burzo1998;1998 Rep. Prog. Phys. 61 1099;;0;2;0;0;0;0;0;0;0;0;14;0;1;0;;;;;;1.17;3;
Ce2Fe14B;MagnetizationandmagneticanisotropyofR2Fe14Bmeasuredonsinglecrystals;J. Appl. Phys. 59 (3) 1 February 1986, 873;;0;2;0;0;0;0;0;0;0;0;14;0;1;0;0.875;1.21;;;;1.17;3;422
Ce2Fe14B;herbst1991;Reviews of Modern Physics, Yol. 63, No. 4, October 1991;https://doi.org/10.1103/RevModPhys.63.819;0;2;0;0;0;0;0;0;0;0;14;0;1;0;0.876;1.211;9.2929233600000007e-28;4.3043505741340794e+27;23.9;1.1988987085561631;2.6;424
Ce2Fe14B;JurczykWallace1986a;;;0;2;0;0;0;0;0;0;0;0;14;0;1;0;0.8767;1.2121;9.3162356296899971e-28;4.2935796806731285e+27;24;1.2009024318568799;3.71;437
Ce2Fe14B;SagawaHirosawaEtal1987d;Japanes journal of applied physics 26 (1987) 785;;0;2;0;0;0;0;0;0;0;0;14;0;1;0;0.8822;1.2338;;;;1.271;3;530
Dy2Fe10Co4B;pedziwiatr1987a;Journal of Magnetism and Magnetic Materials 66 (1987) 63-68 ;;0;0;0;0;0;0;0;2;0;0;10;4;1;0;0.868116883116883;1.1909868421052601;8.9755974885459027e-28;4.456527830157881e+27;14.7;0.76346813101921907;18;820
Dy2Fe12Co2B;pedziwiatr1987a;Journal of Magnetism and Magnetic Materials 66 (1987) 63-68 ;;0;0;0;0;0;0;0;2;0;0;12;2;1;0;0.871103896;1.1948684210526299;9.0669244238011512e-28;4.4116392869668027e+27;14.8;0.76091941713787825;16.8;725
Dy2Fe14B;kobayashi2012;JOURNAL OF APPLIED PHYSICS 111, 023907 (2012);;0;0;0;0;0;0;0;2;0;0;14;0;1;0;;;;;;0.62;14.778051842486386;
Dy2Fe14B;ChenEtAl1988b; Journal of Applied Physics 64, 5546 (1988); https://doi.org/10.1063/1.342331;0;0;0;0;0;0;0;2;0;0;14;0;1;0;0.8762;1.2022;9.22960726168e-28;4.3338788819405388e+27;13.1;0.66164497917682197;15.1;592
Dy2Fe14B;PourarianJiangZhangEtal1988;J, fo.ppl. Phys., Vol. 64, No. 10, 15 November 1988;;0;0;0;0.5;0;0;0;2;0;0;14;0;1;0;0.8748;1.199;9.1756477295999994e-28;4.3593652654038569e+27;13.5;0.68585764445677544;26.34;586
Dy2Fe14B;herbst1991;Reviews of Modern Physics, Yol. 63, No. 4, October 1991;https://doi.org/10.1103/RevModPhys.63.819;0;0;0;0;0;0;0;2;0;0;14;0;1;0;0.876;1.201;9.21618576e-28;4.3401902958171274e+27;14;0.70813125411045852;15;598
Dy2Fe14B;JurczykWallace1986a;;;0;0;0;0;0;0;0;2;0;0;14;0;1;0;0.8768;1.2026;9.245327114239999e-28;4.3265099769580354e+27;14.1;0.7109413552983942;15.8;592
Dy2Fe14B;Burzo1998;1998 Rep. Prog. Phys. 61 1099;;0;0;0;0;0;0;0;2;0;0;14;0;1;0;;;;;;0.712;15;
Dy2Fe14B;MagnetizationandmagneticanisotropyofR2Fe14Bmeasuredonsinglecrystals;J. Appl. Phys. 59 (3) 1 February 1986, 873;;0;0;0;0;0;0;0;2;0;0;14;0;1;0;0.876;1.199;9.2008382400000005e-28;4.3474299793797915e+27;;0.712;15;598
Dy2Fe14B;SagawaHirosawaEtal1987d;Japanes journal of applied physics 26 (1987) 785;;0;0;0;0;0;0;0;2;0;0;14;0;1;0;0.876;1.199;;;;0.712;15;598
Dy2Fe14B;pedziwiatr1987a;Journal of Magnetism and Magnetic Materials 66 (1987) 63-68 ;;0;0;0;0;0;0;0;2;0;0;14;0;1;0;0.87506493506493499;1.2;9.1888636869623865e-28;4.3530953731258388e+27;14.1;0.71530992434904772;15.8;592
Dy2Fe14C;Burzo1998;1998 Rep. Prog. Phys. 61 1099;;0;0;0;0;0;0;0;2;0;0;14;0;0;1;;;;;;0.62;15.4;
Dy2Fe6Co8B;pedziwiatr1987a;Journal of Magnetism and Magnetic Materials 66 (1987) 63-68 ;;0;0;0;0;0;0;0;2;0;0;6;8;1;0;0.86123376623376602;1.18072368421052;8.7577062177737581e-28;4.567406008529954e+27;12;0.63874545144826933;12.8;976
Dy2Fe8Co6B;pedziwiatr1987a;Journal of Magnetism and Magnetic Materials 66 (1987) 63-68 ;;0;0;0;0;0;0;0;2;0;0;8;6;1;0;0.86396103896103904;1.1856578947368399;8.8500905355644724e-28;4.5197277744513761e+27;13.5;0.71108743045047584;15.6;916
Gd2Co14B;herbst1991;Reviews of Modern Physics, Yol. 63, No. 4, October 1991;https://doi.org/10.1103/RevModPhys.63.819;0;0;0;0;0;2;0;0;0;0;0;14;1;0;0.8601;1.176;8.71793496e-28;4.5882425349041597e+27;17;0.90901749894157891;9;1050
Gd2Fe10Co4B;HuangEtal1986b;Journal of Magnetism and Magnetic Materials 60 (1986) 270-274 ;;0;0;0;0;0;2;0;0;0;0;10;4;1;0;0.8766;1.2065;9.2710785114e-28;4.3144926397521906e+27;16.8;0.84472621030904016;2.85;873
Gd2Fe11.2Mn0.8Co2B;jurczyk1986yxcvycv;Journal of the Less-Common Metals, 124 (1986) 149 - 154 ;;0;0;0;0;0;2;0;0;0.8;0;11.2;2;1;0;0.8761;1.2052;9.2505271829199999e-28;4.324077883242725e+27;14.5;0.73069892005498038;3.25;679
Gd2Fe11.4Mn0.6Co2B;jurczyk1986yxcvycv;Journal of the Less-Common Metals, 124 (1986) 149 - 154 ;;0;0;0;0;0;2;0;0;0.6;0;11.4;2;1;0;0.8766;1.2058;9.2656995184800015e-28;4.3169973211652163e+27;15.1;0.75968872712157309;3.51;708
Gd2Fe11.6Mn0.4Co2B;jurczyk1986yxcvycv;Journal of the Less-Common Metals, 124 (1986) 149 - 154 ;;0;0;0;0;0;2;0;0;0.4;0;11.6;2;1;0;0.8774;1.2065;9.2880081193999985e-28;4.3066284488330078e+27;15.6;0.78295888868257746;3.42;728
Gd2Fe11.8Mn0.2Co2B;jurczyk1986yxcvycv;Journal of the Less-Common Metals, 124 (1986) 149 - 154 ;;0;0;0;0;0;2;0;0;0.2;0;11.8;2;1;0;0.8781;1.2071;9.3074605523100012e-28;4.2976276692435163e+27;16.6;0.83140729483187492;3.19;755
Gd2Fe11MnCo2B;jurczyk1986yxcvycv;Journal of the Less-Common Metals, 124 (1986) 149 - 154 ;;0;0;0;0;0;2;0;0;1;0;11;2;1;0;0.8755;1.2047;9.23402851175e-28;4.3318038220372946e+27;13.9;0.70171463773017118;2.71;655
Gd2Fe12Co2B;HuangEtal1986b;Journal of Magnetism and Magnetic Materials 60 (1986) 270-274 ;;0;0;0;0;0;2;0;0;0;0;12;2;1;0;0.8787;1.2078;9.32558914782e-28;4.2892732422541493e+27;17;0.84978603578381839;2.88;783
Gd2Fe12Co2B;jurczyk1986yxcvycv;Journal of the Less-Common Metals, 124 (1986) 149 - 154 ;;0;0;0;0;0;2;0;0;0;0;12;2;1;0;0.8787;1.2078;9.32558914782e-28;4.2892732422541493e+27;17;0.84978603578381839;2.88;783
Gd2Fe12Mn2B;HuangEtal1986a;Journal of the Less-Common Metals, 124 (1986) 55 - 60 ;;0;0;0;0;0;2;0;0;2;0;12;0;1;0;0.8786;1.2103;9.34276512988e-28;4.2813877309269117e+27;6.5;0.32432085211326084;4.51;443
Gd2Fe13MnB;HuangEtal1986a;Journal of the Less-Common Metals, 124 (1986) 55 - 60 ;;0;0;0;0;0;2;0;0;1;0;13;0;1;0;0.879;1.2105;9.352819305e-28;4.2767852874711349e+27;11.8;0.58813416740773461;4.19;560
Gd2Fe14B;AbacheOesterreicher1985; J. Appl. Phys. 57, 4112 (1985); 10.1063/1.334635 ;0;0;0;0;0;2;0;0;0;0;14;0;1;0;0.8773;1.2087;9.30282349023e-28;4.2997698539597945e+27;16.7;0.83683269022112772;3.1;661
Gd2Fe14B;AbacheOesterreicher1986b;J. Appl. Phys. 60, 3671 (1986);10.1063/1.337581;0;0;0;0;0;2;0;0;0;0;14;0;1;0;0.8773;1.2087;9.30282349023e-28;4.2997698539597956e+27;16.7;0.83683269022112783;3.1;677
Gd2Fe14B;SunEtal1989b;phys. stat. sol. (a) 115, K219 (1989) ;;0;0;0;0;0;2;0;0;0;0;14;0;1;0;0.878;1.208;9.312278720000001e-28;4.2954040791425105e+27;17.1;0.85600655665357706;2.06;660
Gd2Fe14B;HuangEtal1986a;Journal of the Less-Common Metals, 124 (1986) 55 - 60 ;;0;0;0;0;0;2;0;0;0;0;14;0;1;0;0.8798;1.2099;9.36520723596e-28;4.2711281226549081e+27;17.3;0.86112392981562846;2.86;669
Gd2Fe14B;HuangEtal1986b;Journal of Magnetism and Magnetic Materials 60 (1986) 270-274 ;;0;0;0;0;0;2;0;0;0;0;14;0;1;0;0.8798;1.2099;9.36520723596e-28;4.2711281226549081e+27;17.3;0.86112392981562846;2.86;669
Gd2Fe14B;jurczyk1986yxcvycv;Journal of the Less-Common Metals, 124 (1986) 149 - 154 ;;0;0;0;0;0;2;0;0;0;0;14;0;1;0;0.8798;1.2099;9.36520723596e-28;4.2711281226549081e+27;17.3;0.86112392981562846;2.86;669
Gd2Fe14B;JurczykWallace1986a;;;0;0;0;0;0;2;0;0;0;0;14;0;0;0;0.8798;1.2099;9.365207235960001e-28;4.2711281226549081e+27;17.3;0.86112392981562846;2.86;669
Gd2Fe14B;KowalczykWrzeciono1988a;phys. stat. sol. (a) 110, 241 (1988) ;;0;0;0;0;0;0;2;0;0;0;14;0;1;0;0.8796;1.2095;9.3578550551999982e-28;4.2744838175039579e+27;17.3;0.86180048857310243;2.9;669
Gd2Fe14B;KowalczykWrzeciono1988b;Journal of Magnetism and Magnetic Materials 74 (1988) 260-262 ;;0;0;0;0;0;2;0;0;0;0;14;0;1;0;0.88;1.2095;9.3578550551999982e-28;4.2744838175039579e+27;17.3;0.86180048857310243;2.9;669
Gd2Fe14B;herbst1991;Reviews of Modern Physics, Yol. 63, No. 4, October 1991;https://doi.org/10.1103/RevModPhys.63.819;0;0;0;0;0;2;0;0;0;0;14;0;1;0;0.879;1.209;9.3412296900000017e-28;4.2820914726913209e+27;17.5;0.87331505017619204;2.4;661
Gd2Fe14B;Burzo1998;1998 Rep. Prog. Phys. 61 1099;;0;0;0;0;0;2;0;0;0;0;14;0;1;0;;;;;;0.893;2.5;
Gd2Fe14B;MagnetizationandmagneticanisotropyofR2Fe14Bmeasuredonsinglecrystals;J. Appl. Phys. 59 (3) 1 February 1986, 873;;0;0;0;0;0;2;0;0;0;0;14;0;1;0;0.874;1.194;9.12067944e-28;4.3856381822361254e+27;;0.893;2.5;659
Gd2Fe14B;SagawaHirosawaEtal1987d;Japanes journal of applied physics 26 (1987) 785;;0;0;0;0;0;2;0;0;0;0;14;0;1;0;0.874;1.194;;;;0.893;2.5;659
Gd2Fe14C;AbacheOesterreicher1985; J. Appl. Phys. 57, 4112 (1985); 10.1063/1.334635 ;0;0;0;0;0;2;0;0;0;0;14;0;0;1;0.8807;1.1887;9.21994340863e-28;4.3384214226910994e+27;12.4;0.62694634763558021;5.2;643
Gd2Fe14C;Burzo1998;1998 Rep. Prog. Phys. 61 1099;;0;0;0;0;0;2;0;0;0;0;14;0;0;1;;;;;;0.73;3.38;
Gd2Fe8Co6B;HuangEtal1986b;Journal of Magnetism and Magnetic Materials 60 (1986) 270-274 ;;0;0;0;0;0;2;0;0;0;0;8;6;1;0;0.8726;1.2004;9.14021484304e-28;4.3762647472623465e+27;15.3;0.78031862624959136;2.81;928
La0.58CePr0.1Nd0.32Fe12Co2B;jurczyk1988rtpdf;Journal of Magnetism and Magnetic Materials 73 (1988) 199-204 ;;0.58;1;0.1;0.32;0;0;0;0;0;0;12;2;1;0;0.8769;1.2125;9.3235625212500014e-28;4.2902055849181176e+27;;1.27;3.8;636
La0.58CePr0.1Nd0.32Fe14B;jurczyk1988rtpdf;Journal of Magnetism and Magnetic Materials 73 (1988) 199-204 ;;0.58;1;0.1;0.32;0;0;0;0;0;0;14;0;1;0;0.8785;1.2198;9.4139559255e-28;4.2490107577039139e+27;;1.26;4;488
La2Fe14B;herbst1991;Reviews of Modern Physics, Yol. 63, No. 4, October 1991;https://doi.org/10.1103/RevModPhys.63.819;2;0;0;0;0;0;0;0;0;0;14;0;1;0;0.882;1.234;9.5995821600000005e-28;4.1668480287271168e+27;28.4;1.37912285907365;2;530
Nd0.2Pr1.8Co14B;Pourarian1987;Mat. Res. Soc. Symp. Proc. Voa. 96. r'1987 Materials Research Society;;0;0;1.8;0.2;0;0;0;0;0;0;0;14;1;0;0.8648;1.1888;8.8907860275200021e-28;4.499039778506244e+27;21.1;1.1063161286865784;12.7;988
Nd0.4Pr1.6Co11Fe3B;Pourarian1987;Mat. Res. Soc. Symp. Proc. Voa. 96. r'1987 Materials Research Society;;0;0;1.6;0.4;0;0;0;0;0;0;3;11;1;0;0.8665;1.1965;8.9835882212499983e-28;4.4525638324988033e+27;24.1;1.2505589031009994;6.6;970
Nd0.4Pr1.6Co14B;Pourarian1987;Mat. Res. Soc. Symp. Proc. Voa. 96. r'1987 Materials Research Society;;0;0;1.6;0.4;0;0;0;0;0;0;0;14;1;0;0.865;1.1885;8.892654125e-28;4.4980946563015012e+27;21.2;1.1113258256153844;11.8;989
Nd0.5Dy1.5Fe14B;kobayashi2012;JOURNAL OF APPLIED PHYSICS 111, 023907 (2012);;0;0;0;0.5;0;0;0;1.5;0;0;14;0;1;0;;;;;;0.8;14.476458947741767;
Nd0.5Tb1.5Fe14B;AbacheOesterreicher1986b;J. Appl. Phys. 60, 3671 (1986);10.1063/1.337584;0;0;0;0.5;0;0;1.5;0;0;0;14;0;1;0;0.875;1.2035;9.214296875e-28;4.3410800132267287e+27;19.8;1.0017052190260913;8.3;
Nd0.6Pr1.4Co14B;Pourarian1987;Mat. Res. Soc. Symp. Proc. Voa. 96. r'1987 Materials Research Society;;0;0;1.4;0.6;0;0;0;0;0;0;0;14;1;0;0.865;1.1885;8.892654125e-28;4.4980946563015012e+27;21.3;1.1165679285664005;11;991
Nd0.8La1.2Fe14B;NdLaFeB;JOURNAL OF RARE EARTHS, Vol. 33, No. 9, Sep. 2015, P. 961;;1.2;0;0;0.8;0;0;0;0;0;0;14;0;1;0;;;;;;1.37163939453338;4.9014801021884242;557.506534183192
Nd0.8Pr1.2Co14B;Pourarian1987;Mat. Res. Soc. Symp. Proc. Voa. 96. r'1987 Materials Research Society;;0;0;1.2;0.8;0;0;0;0;0;0;0;14;1;0;0.8649;1.1884;8.8898500868399976e-28;4.4995134461506395e+27;21.4;1.122163873045217;10.6;993
Nd1.2La0.8Fe14B;NdLaFeB;JOURNAL OF RARE EARTHS, Vol. 33, No. 9, Sep. 2015, P. 961;;0.8;0;0;1.2;0;0;0;0;0;0;14;0;1;0;;;;;;1.4498037422646499;6.0589729898158842;564.97040250093198
Nd1.2Pr0.8Co14B;Pourarian1987;Mat. Res. Soc. Symp. Proc. Voa. 96. r'1987 Materials Research Society;;0;0;0.8;1.2;0;0;0;0;0;0;0;14;1;0;0.8648;1.188;8.8848029952000027e-28;4.5020694349227461e+27;21.7;1.1385415337850269;9.5;996
Nd1.4La0.6Fe14B;NdLaFeB;JOURNAL OF RARE EARTHS, Vol. 33, No. 9, Sep. 2015, P. 961;;0.6;0;0;1.4;0;0;0;0;0;0;14;0;1;0;;;;;;1.4812861776038699;6.1990140801347753;569.62219313476498
Nd1.5Ce0.5Fe14B;AbacheOesterreicher1986b;J. Appl. Phys. 60, 3671 (1986);10.1063/1.337578;0;0.5;0;1.5;0;0;0;0;0;0;14;0;1;0;0.8788;1.2156;9.38795043264e-28;4.2607809113401488e+27;27;1.3406947945333152;4.4;562
Nd1.5Dy05Fe14B;kobayashi2012;JOURNAL OF APPLIED PHYSICS 111, 023907 (2012);;0;0;0;1.5;0;0;0;0.5;0;0;14;0;1;0;;;;;;1.25;9.6886717436709215;
Nd1.5Tb0.5Fe14B;AbacheOesterreicher1986b;J. Appl. Phys. 60, 3671 (1986);10.1063/1.337582;0;0;0;1.5;0;0;0.5;0;0;0;14;0;1;0;0.8773;1.213;9.3359186677e-28;4.2845274711304241e+27;23.8;1.188384132454922;10.9;599
Nd1.6La0.4Fe14B;NdLaFeB;JOURNAL OF RARE EARTHS, Vol. 33, No. 9, Sep. 2015, P. 961;;0.4;0;0;1.6;0;0;0;0;0;0;14;0;1;0;;;;;;1.4992858176147099;6.2972885294813654;571.72633122281502
Nd1.6Pr0.4Co14B;Pourarian1987;Mat. Res. Soc. Symp. Proc. Voa. 96. r'1987 Materials Research Society;;0;0;0.4;1.63;0;0;0;0;0;0;0;14;1;0;0.8649;1.1878;8.8853617747799973e-28;4.5017863103261662e+27;22.3;1.1699483649191498;8;998
Nd1.8La0.2Fe14B;NdLaFeB;JOURNAL OF RARE EARTHS, Vol. 33, No. 9, Sep. 2015, P. 961;;0.2;0;0;1.8;0;0;0;0;0;0;14;0;1;0;;;;;;1.52499731608097;6.4668119546042249;577.15870373759401
Nd1.9Dy0.1Fe12Co2B;jurczyk1990ccc;phys. stat. sol. (a) 117, 299 (1990) ;;0;0;0;1.9;0;0;0;0.1;0;0;12;2;1;0;0.8798;1.2174;;;;1.54;7.2005303620278065;725
Nd1.9Tb0.1Fe12Co2B;jurczyk1990ccc;phys. stat. sol. (a) 117, 299 (1990) ;;0;0;0;1.9;0;0;0.1;0;0;0;12;2;1;0;0.88;1.2176;;;;1.54;7.301061326942679;726
Nd2Co14B;AbacheOesterreicher1985; J. Appl. Phys. 57, 4112 (1985); 10.1063/1.334635 ;0;0;0;2;0;0;0;0;0;0;0;14;1;0;0.8638;1.187;8.8568057228e-28;4.5163009387265138e+27;20;1.0526641294845855;4.7;985
Nd2Co14B;AbacheOesterreicher1986a;J. Appl. Phys. 60 (3), 1 August 1986 ;;0;0;0;2;0;0;0;0;0;0;0;14;1;0;0.8638;1.187;8.8568057228e-28;4.5163009387265138e+27;20;1.0526641294845855;4.69;985
Nd2Co14B;herbst1991;Reviews of Modern Physics, Yol. 63, No. 4, October 1991;https://doi.org/10.1103/RevModPhys.63.819;0;0;0;2;0;0;0;0;0;0;0;14;1;0;0.87644135819964797;1.2149637648742899;9.3327375305881217e-28;4.2859878860730497e+27;23.612647558341799;1.1794311118044185;4.0335820895522296;997.82583785453403
Nd2Co14B;Pourarian1987;Mat. Res. Soc. Symp. Proc. Voa. 96. r'1987 Materials Research Society;;0;0;0;2;0;0;0;0;0;0;0;14;1;0;0.8651;1.1878;8.88947156278e-28;4.4997050406774486e+27;23.2;1.2166032907152986;5.5;1004
Nd2Co14B;PedziwiatrChenEtal1987;IEEE  TRANSACTIONS  ON  MAGNETICS, VOL. MAG-23, NO. 5, SEPTEMBER 1987, 217;;0;0;0;2;0;0;0;0;0;0;0;14;1;0;0.8651;1.1871;8.8842327767100001e-28;4.502358392146132e+27;23.2;1.2173206879889071;5.5;1004
Nd2Co14B;PedziwiatrYangWallace1987x;Journal of Applied Physics 61, 3439 (1987); https://doi.org/10.1063/1.338746 ;0;0;0;2;0;0;0;0;0;0;0;14;1;0;0.8651;1.1871;8.8842327767100001e-28;4.502358392146132e+27;23.2;1.2173206879889071;5.5;1004
Nd2Fe10Co4B;AbacheOesterreicher1986a;J. Appl. Phys. 60 (3), 1 August 1986 ;;0;0;0;2;0;0;0;0;0;0;10;4;1;0;0.877;1.2111;9.314921319e-28;4.2941854933772195e+27;28;1.4012505220053482;6;838
Nd2Fe10Co4B;AbacheOesterreicher1985; J. Appl. Phys. 57, 4112 (1985); 10.1063/1.334635 ;0;0;0;2;0;0;0;0;0;0;10;4;1;0;0.875;1.2113;9.274015625e-28;4.3131262246498525e+27;28;1.4074311375432365;6;801
Nd2Fe10Co4B;HuangEtal1986b;Journal of Magnetism and Magnetic Materials 60 (1986) 270-274 ;;0;0;0;2;0;0;0;0;0;0;10;4;1;0;0.8787;1.2156;9.38581401564e-28;4.2617507584687082e+27;31.5;1.5644999603981775;6.63;820
Nd2Fe10Co4B;herbst1991;Reviews of Modern Physics, Yol. 63, No. 4, October 1991;https://doi.org/10.1103/RevModPhys.63.819;0;0;0;2;0;0;0;0;0;0;10;4;1;0;0.87576895948561373;1.2036325042497973;9.2315155087741254e-28;4.3329830255911789e+27;33.458411038093303;1.6895430238299427;6.7845377916141603;808.08981506923101
Nd2Fe11.2Mn0.8Co2B;jurczyk1986bv;IEEE  TRANSACTIONS ON MAGNETICS, VOX,, MAG-22, NO. 5, SEPTEMBER 1986 ;;0;0;0;2;0;0;0;0;0.8;0;11.2;2;1;0;0.8768;1.2145;9.3368117248000006e-28;4.2841176601809244e+27;26.6;1.3280669899037445;7.5;622
Nd2Fe11.4Mn0.6Co2B;jurczyk1986bv;IEEE  TRANSACTIONS ON MAGNETICS, VOX,, MAG-22, NO. 5, SEPTEMBER 1986 ;;0;0;0;2;0;0;0;0;0.6;0;11.4;2;1;0;0.8774;1.215;9.3549833955200007e-28;4.2757959377197356e+27;28.1;1.4002327973549977;8.5;648
Nd2Fe11.6Mn0.4Co2B;jurczyk1986bv;IEEE  TRANSACTIONS ON MAGNETICS, VOX,, MAG-22, NO. 5, SEPTEMBER 1986 ;;0;0;0;2;0;0;0;0;0.4;0;11.6;2;1;0;0.87819999999999998;1.2159;9.3774492831599998e-28;4.2655522618322129e+27;29.7;1.4764157593342357;8.1;673
Nd2Fe11.8Mn0.2Co2B;jurczyk1986bv;IEEE  TRANSACTIONS ON MAGNETICS, VOX,, MAG-22, NO. 5, SEPTEMBER 1986 ;;0;0;0;2;0;0;0;0;0.2;0;11.8;2;1;0;0.8788;1.2165;9.3949010375999996e-28;4.257628668988972e+27;31.2;1.5481011425529396;7.9;693
Nd2Fe11Co3B;herbst1991;Reviews of Modern Physics, Yol. 63, No. 4, October 1991;https://doi.org/10.1103/RevModPhys.63.819;0;0;0;2;0;0;0;0;0;0;11;3;1;0;0.87570171961421039;1.2024993781873479;9.2214085899747065e-28;4.3377320948002498e+27;33.9714953177943;1.7173323261802169;6.9371148263451303;762.63870638309402
Nd2Fe11MnCo2B;jurczyk1986bv;IEEE  TRANSACTIONS ON MAGNETICS, VOX,, MAG-22, NO. 5, SEPTEMBER 1986 ;;0;0;0;2;0;0;0;0;1;0;11;2;1;0;0.8763;1.214;9.3223265166e-28;4.2907744036612692e+27;25.5;1.2751251663138761;7;593
Nd2Fe12.6Co1.4B;KuYen1987;Journal of the Less-Common Metals, 127 (1987) 43-48 ;;0;0;0;2;0;0;0;0;0;0;12.6;1.4;1;0;0.8796;1.217;9.4158822671999983e-28;4.2481414768044679e+27;31.2;1.5446515385122148;4.1;668
Nd2Fe12.6Mn1.4B;KuYen1987;Journal of the Less-Common Metals, 127 (1987) 43-48 ;;0;0;0;2;0;0;0;0;1.4;0;12.6;0;1;0;0.8827;1.225;9.5447013025000027e-28;4.1908068919373066e+27;15.5;0.75701816932884058;2.7;350
Nd2Fe12.6Ni1.4B;KuYen1987;Journal of the Less-Common Metals, 127 (1987) 43-48 ;;0;0;0;2;0;0;0;0;0;1.4;12.6;0;1;0;0.8799;1.22;9.4455329219999988e-28;4.2348060538579326e+27;26.7;1.317715766158033;4.1;670
Nd2Fe12Co2B;AbacheOesterreicher1986a;J. Appl. Phys. 60 (3), 1 August 1986 ;;0;0;0;2;0;0;0;0;0;0;12;2;1;0;0.879;1.2194;9.4215843540000008e-28;4.2455704366768968e+27;31.3;1.5486645017105563;5.63;734
Nd2Fe12Co2B;HuangEtal1986b;Journal of Magnetism and Magnetic Materials 60 (1986) 270-274 ;;0;0;0;2;0;0;0;0;0;0;12;2;1;0;0.88;1.218;9.432192e-28;4.240795776845932e+27;32.3;1.59634529526346;6.74;727
Nd2Fe12Co2B;JurczykWallace1986a;;;0;0;0;2;0;0;0;0;0;0;12;2;1;0;0.8794;1.2172;9.4131475499200027e-28;4.2493756512230532e+27;32.4;1.6045272265790667;7;723
Nd2Fe12Co2B;jurczyk1986bv;IEEE  TRANSACTIONS ON MAGNETICS, VOX,, MAG-22, NO. 5, SEPTEMBER 1986 ;;0;0;0;2;0;0;0;0;0;0;12;2;1;0;0.8794;1.2172;9.4131475499200009e-28;4.2493756512230543e+27;32.4;1.6045272265790669;7;723
Nd2Fe12Co2B;kowalczyk1989;Journal of Magnetism and Magnetic Materials 79 (1989) 109-112 ;;0;0;0;2;0;0;0;0;0;0;12;2;1;0;0.8794;1.2172000000000001;9.4131475499200009e-28;4.2493756512230543e+27;32.4;1.6045272265790669;6.7;723
Nd2Fe12Co2B;herbst1991;Reviews of Modern Physics, Yol. 63, No. 4, October 1991;https://doi.org/10.1103/RevModPhys.63.819;0;0;0;2;0;0;0;0;0;0;12;2;1;0;0.87563447974280695;1.2013662521248987;9.2113044487424697e-28;4.3424902762236694e+27;34.253286645838998;1.7334769017955183;7.0610836670640502;708.36651490034001
Nd2Fe12Mn2B;AbacheOesterreicher1986a;J. Appl. Phys. 60 (3), 1 August 1986 ;;0;0;0;2;0;0;0;0;2;0;12;0;1;0;0.8809;1.2208000000000001;9.4732225604800011e-28;4.2224279799854328e+27;12.3;0.60526326711000111;5.15;381
Nd2Fe12Mn2B;HuangEtal1986a;Journal of the Less-Common Metals, 124 (1986) 55 - 60 ;;0;0;0;2;0;0;0;0;2;0;12;0;1;0;0.8786;1.2188;9.4083798564800003e-28;4.251529020955727e+27;14.3;0.70852983269436742;5.06;324
Nd2Fe13.5Co0.5B;herbst1991;Reviews of Modern Physics, Yol. 63, No. 4, October 1991;https://doi.org/10.1103/RevModPhys.63.819;0;0;0;2;0;0;0;0;0;0;13.5;0.5;1;0;0.87553361993570178;1.1996665630312249;9.196153444160177e-28;4.3496446903461748e+27;33.493887991948498;1.697838202982187;7.2708770898191304;614.88733117112804
Nd2Fe13.85Re0.15B;jurczyk1990;Journal of the Less-Common Metals. 158 ( 1990) 117- 122 ;;;;;;;;;;0;0;13.85;0;1;0;0.88002666666666596;1.21954054054054;9.4132721346467186e-28;4.2493194107047035e+27;30;1.485653695045638;7.8;571
Nd2Fe13.8Re0.2B;jurczyk1990;Journal of the Less-Common Metals. 158 ( 1990) 117- 122 ;;;;;;;;;;0;0;13.8;0;1;0;0.8798;1.21902702702702;9.4132721346467186e-28;4.2493194107047035e+27;29.3;1.4509884421612396;8;568
Nd2Fe13.95Re0.05B;jurczyk1990;Journal of the Less-Common Metals. 158 ( 1990) 117- 122 ;;;;;;;;;;0;0;13.95;0;1;0;0.88042666666666602;1.22009459459459;9.4132721346467186e-28;4.2493194107047035e+27;31.4;1.5549842008144341;7.3;586
Nd2Fe13.9Re0.1B;jurczyk1990;Journal of the Less-Common Metals. 158 ( 1990) 117- 122 ;;;;;;;;;;0;0;13.9;0;1;0;0.88012000000000001;1.2198243243243201;9.4132721346467186e-28;4.2493194107047035e+27;30.8;1.5252711269135215;7.5;580
Nd2Fe13CoB;AbacheOesterreicher1986a;J. Appl. Phys. 60 (3), 1 August 1986 ;;0;0;0;2;0;0;0;0;0;0;13;1;1;0;0.8809;1.2218;9.480982408580001e-28;4.2189720723246164e+27;29.8;1.4652099870868316;6.11;676
Nd2Fe13CoB;AbacheOesterreicher1985; J. Appl. Phys. 57, 4112 (1985); 10.1063/1.334635 ;0;0;0;2;0;0;0;0;0;0;13;1;1;0;0.8807;1.2219;9.477453395310002e-28;4.2205430437457322e+27;30.5;1.5001860709227062;6.;643
Nd2Fe13CoB;herbst1991;Reviews of Modern Physics, Yol. 63, No. 4, October 1991;https://doi.org/10.1103/RevModPhys.63.819;0;0;0;2;0;0;0;0;0;0;13;1;1;0;0.8755672398714035;1.2002331260624493;9.2012030847700298e-28;4.3472575957168692e+27;33.990498439264798;1.7220662834210889;7.1755164431122802;650.03981232521505
Nd2Fe13MnB;HuangEtal1986a;Journal of the Less-Common Metals, 124 (1986) 55 - 60 ;;0;0;0;2;0;0;0;0;1;0;13;0;1;0;0.8797;1.2196;9.4381440096400003e-28;4.238121389029931e+27;24;1.1853909001620722;6.82;496
Nd2Fe14B;AbacheOesterreicher1986b;J. Appl. Phys. 60, 3671 (1986);10.1063/1.337574 ;0;0;0;2;0;0;0;0;0;0;14;0;1;0;0.8797;1.2226;9.4613601723400016e-28;4.2277219418132694e+27;30;1.4781027542099447;7.6;600
Nd2Fe14B;AbacheOesterreicher1985; J. Appl. Phys. 57, 4112 (1985); 10.1063/1.334635 ;0;0;0;2;0;0;0;0;0;0;14;0;1;0;0.8797;1.2226;9.4613601723399998e-28;4.2277219418132699e+27;30;1.4781027542099452;6.3;596
Nd2Fe14B;AbacheOesterreicher1986a;J. Appl. Phys. 60 (3), 1 August 1986 ;;0;0;0;2;0;0;0;0;0;0;14;0;1;0;0.88;1.2186;9.4368384e-28;4.2387077434747639e+27;30;1.4819436273602011;7.6;600
Nd2Fe14B;kobayashi2012;JOURNAL OF APPLIED PHYSICS 111, 023907 (2012);;0;0;0;2;0;0;0;0;0;0;14;0;1;0;;;;;;1.49;6.4214153839375374;
Nd2Fe14B;ChenEtAl1988b; Journal of Applied Physics 64, 5546 (1988); https://doi.org/10.1063/1.342331;0;0;0;2;0;0;0;0;0;0;14;0;1;0;0.8792;1.219;9.4227802816000003e-28;4.2450315941366669e+27;31.4;1.5534151290702647;6.6;589
Nd2Fe14B;QuanEtal1989;Solid State Communications, Vol. 72, No. 9, pp. 955-957, 1989. ;;0;0;0;2;0;0;0;0;0;0;14;0;1;0;0.8805;1.2205;9.4622954512499985e-28;4.2273040623262167e+27;32.16;1.5843695336566299;7.9225806451612897;585.39417971314003
Nd2Fe14B;NdLaFeB;JOURNAL OF RARE EARTHS, Vol. 33, No. 9, Sep. 2015, P. 961;;0;0;0;2;0;0;0;0;0;0;14;0;1;0;;;;;;1.5852276007505199;6.761635302643997;582.34013154882496
Nd2Fe14B;HuangEtal1986b;Journal of Magnetism and Magnetic Materials 60 (1986) 270-274 ;;0;0;0;2;0;0;0;0;0;0;14;0;1;0;0.8807;1.2203;9.4650432754700016e-28;4.226076821398763e+27;32.2;1.5858796075124399;7.07;589
Nd2Fe14B;jurczyk1986bv;IEEE  TRANSACTIONS ON MAGNETICS, VOX,, MAG-22, NO. 5, SEPTEMBER 1986 ;;0;0;0;2;0;0;0;0;0;0;14;0;1;0;0.8807;1.2203;9.4650432754700016e-28;4.226076821398763e+27;32.2;1.5858796075124399;7.07;589
Nd2Fe14B;JurczykWallace1986a;;;0;0;0;2;0;0;0;0;0;0;14;0;1;0;0.8807;1.2203;9.4650432754700016e-28;4.226076821398763e+27;32.2;1.5858796075124399;7.07;589
Nd2Fe14B;KowalczykWrzeciono1988a;phys. stat. sol. (a) 110, 241 (1988) ;;0;0;0;2;0;0;0;0;0;0;14;0;1;0;0.8807;1.2203;9.4650432754700016e-28;4.226076821398763e+27;32.2;1.5858796075124399;7.1;585
Nd2Fe14B;KowalczykWrzeciono1988b;Journal of Magnetism and Magnetic Materials 74 (1988) 260-262 ;;0;0;2;0;0;0;0;0;0;0;14;0;1;0;0.8807;1.2203;9.4650432754700016e-28;4.226076821398763e+27;32.2;1.5858796075124399;7.1;585
Nd2Fe14B;KuEtal1986;Journal of Magnetism and Magnetic Materials 54-57 (1986) 533-534 ;;0;0;0;2;0;0;0;0;0;0;14;0;1;0;0.8792;1.219;9.4227802816000003e-28;4.2450315941366669e+27;32.1;1.5880454026482644;7.1217948391543837;585
Nd2Fe14B;KuYen1987;Journal of the Less-Common Metals, 127 (1987) 43-48 ;;0;0;0;2;0;0;0;0;0;0;14;0;1;0;0.8792;1.219;9.4227802816000003e-28;4.2450315941366669e+27;32.1;1.5880454026482644;6.3;585
Nd2Fe14B;PedziwiatrWallaceBruzo1987;IEEE TRANSACTIONS ON MAGNETICS, VOL. MAG-23, NO. 2. MARCH 1987, 1795;;0;0;0;2;0;0;0;0;0;0;14;0;0;0;0.87915322260642803;1.21771495034445;9.4118453574176395e-28;4.2499635811031791e+27;32.108108108108098;1.5902920235656945;8.5654673261709693;589.16666666666595
Nd2Fe14B;PedziwiatrEtal1988;Journal of Applied Physics 63, 3710 (1988);10.1063/1.340643;0;0;0;2;0;0;0;0;0;0;14;0;1;0;0.8792;1.2201;9.4312832006399997e-28;4.2412044203365274e+27;32.2;1.591556397518848;7.1;589
Nd2Fe14B;Burzo1998;1998 Rep. Prog. Phys. 61 1099;;0;0;0;2;0;0;0;0;0;0;14;0;1;0;;;;;;1.6;6.7;
Nd2Fe14B;MagnetizationandmagneticanisotropyofR2Fe14Bmeasuredonsinglecrystals;J. Appl. Phys. 59 (3) 1 February 1986, 873;;0;0;0;2;0;0;0;0;0;0;14;0;1;0;0.881;1.221;9.4769258100000019e-28;4.220778003536992e+27;;1.6;6.7;586
Nd2Fe14B;SagawaHirosawaEtal1987d;Japanes journal of applied physics 26 (1987) 785;;0;0;0;2;0;0;0;0;0;0;14;0;1;0;0.811;1.221;;;;1.6;6.7;586
Nd2Fe14B;herbst1991;Reviews of Modern Physics, Yol. 63, No. 4, October 1991;https://doi.org/10.1103/RevModPhys.63.819;0;0;0;2;0;0;0;0;0;0;14;0;1;0;0.88;1.22;9.44768e-28;4.2338436526215959e+27;32.5;1.6035966226717779;7.3;585
Nd2Fe14B;HuangEtal1986a;Journal of the Less-Common Metals, 124 (1986) 55 - 60 ;;0;0;0;2;0;0;0;0;0;0;14;0;1;0;0.8707;1.2203;9.2513199334700006e-28;4.3237073506976568e+27;32.2;1.6225164865918209;7.07;589
Nd2Fe14C;Burzo1998;1998 Rep. Prog. Phys. 61 1099;;0;0;0;2;0;0;0;0;0;0;14;0;0;1;;;;;;1.41;10.1;
Nd2Fe2Co12B;AbacheOesterreicher1986a;J. Appl. Phys. 60 (3), 1 August 1986 ;;0;0;0;2;0;0;0;0;0;0;2;12;1;0;0.8669;1.1917;8.955811524370001e-28;4.4663735822437164e+27;22.7;1.1815656554459999;3.63;
Nd2Fe2Co12B;herbst1991;Reviews of Modern Physics, Yol. 63, No. 4, October 1991;https://doi.org/10.1103/RevModPhys.63.819;0;0;0;2;0;0;0;0;0;0;2;12;1;0;0.87630687845684108;1.2126975127493911;9.3124708884742779e-28;4.2953154408790271e+27;25.999685860957499;1.3014878540298833;4.1811921365169296;989.68421033139805
Nd2Fe3Co11B;herbst1991;Reviews of Modern Physics, Yol. 63, No. 4, October 1991;https://doi.org/10.1103/RevModPhys.63.819;0;0;0;2;0;0;0;0;0;0;3;11;1;0;0.87623963858543763;1.2115643866869421;9.3023417380715298e-28;4.2999925315894065e+27;27.1778793921229;1.3619470517529666;4.5674027556797103;980.636228966663
Nd2Fe4Co10B;AbacheOesterreicher1986a;J. Appl. Phys. 60 (3), 1 August 1986 ;;0;0;0;2;0;0;0;0;0;0;4;10;1;0;0.8676;1.1979;9.0169497950399997e-28;4.4360899094728248e+27;25.6;1.3234796277680638;3.81;
Nd2Fe4Co10B;HuangEtal1986b;Journal of Magnetism and Magnetic Materials 60 (1986) 270-274 ;;0;0;0;2;0;0;0;0;0;0;4;10;1;0;0.8695;1.1997;9.0700949092500024e-28;4.4100971820269037e+27;26.5;1.3619808125297315;5.53;971
Nd2Fe4Co10B;herbst1991;Reviews of Modern Physics, Yol. 63, No. 4, October 1991;https://doi.org/10.1103/RevModPhys.63.819;0;0;0;2;0;0;0;0;0;0;4;10;1;0;0.87617239871403418;1.2104312606244929;9.2922153676950457e-28;4.304678531135045e+27;28.261057315936199;1.4177709902215343;5.0489740215493404;969.36491863009906
Nd2Fe5Co9B;herbst1991;Reviews of Modern Physics, Yol. 63, No. 4, October 1991;https://doi.org/10.1103/RevModPhys.63.819;0;0;0;2;0;0;0;0;0;0;5;9;1;0;0.87610515884263096;1.2092981345620435;9.2820917770374423e-28;4.3093734646057086e+27;29.296727436073599;1.4713303696108013;5.5019370934069203;956.39121832236196
Nd2Fe6Co8B;herbst1991;Reviews of Modern Physics, Yol. 63, No. 4, October 1991;https://doi.org/10.1103/RevModPhys.63.819;0;0;0;2;0;0;0;0;0;0;6;8;1;0;0.87603791897122751;1.2081650084995943;9.2719709657913306e-28;4.3140773571853112e+27;30.265886631064401;1.5216623140311047;5.8738436155636604;939.26963897784003
Nd2Fe7Co7B;AbacheOesterreicher1985; J. Appl. Phys. 57, 4112 (1985); 10.1063/1.334635 ;0;0;0;2;0;0;0;0;0;0;7;7;1;0;0.8731;1.2086;9.2132014304600003e-28;4.3415961652325303e+27;28;1.4167212623327836;4.7999999999999998;902
Nd2Fe7Co7B;AbacheOesterreicher1986a;J. Appl. Phys. 60 (3), 1 August 1986 ;;0;0;0;2;0;0;0;0;0;0;7;7;1;0;0.87309999999999999;1.2086;9.2132014304600003e-28;4.3415961652325303e+27;28;1.4167212623327836;4.85;950
Nd2Fe7Co7B;herbst1991;Reviews of Modern Physics, Yol. 63, No. 4, October 1991;https://doi.org/10.1103/RevModPhys.63.819;0;0;0;2;0;0;0;0;0;0;7;7;1;0;0.87597067909982407;1.2070318824371449;9.2618529336493272e-28;4.3187902341523489e+27;31.197039583114499;1.570190878710535;6.1980698143669803;916.24627185506097
Nd2Fe8Co6B;HuangEtal1986b;Journal of Magnetism and Magnetic Materials 60 (1986) 270-274 ;;0;0;0;2;0;0;0;0;0;0;8;6;1;0;0.8746;1.2099;9.2548295108400015e-28;4.3220677326523173e+27;31;1.5312359181153519;6.35;880
Nd2Fe8Co6B;herbst1991;Reviews of Modern Physics, Yol. 63, No. 4, October 1991;https://doi.org/10.1103/RevModPhys.63.819;0;0;0;2;0;0;0;0;0;0;8;6;1;0;0.87590343922842062;1.2058987563746957;9.2517376803040505e-28;4.3235121208803485e+27;32.033176927812598;1.6140376045830511;6.4412394634694703;886.87101161917894
Nd2Fe9Co5B;herbst1991;Reviews of Modern Physics, Yol. 63, No. 4, October 1991;https://doi.org/10.1103/RevModPhys.63.819;0;0;0;2;0;0;0;0;0;0;9;5;1;0;0.87583619935701718;1.2047656303122465;9.2416252054481117e-28;4.3282430428383147e+27;32.793301786628902;1.6541456261674179;6.6319607568831804;850.50821090050897
Nd2FeCo13B;herbst1991;Reviews of Modern Physics, Yol. 63, No. 4, October 1991;https://doi.org/10.1103/RevModPhys.63.819;0;0;0;2;0;0;0;0;0;0;1;13;1;0;0.87637411832824452;1.2138306388118407;9.3226028192106826e-28;4.2906472340078396e+27;24.802489208321699;1.2402094446852223;4.5006503029849103;995.827043508153
NdDyFe14B;kobayashi2012;JOURNAL OF APPLIED PHYSICS 111, 023907 (2012);;0;0;0;1;0;0;0;1;0;0;14;0;1;0;;;;;;1.02;11.334866294151974;
NdGdFe14B;AbacheOesterreicher1986b;J. Appl. Phys. 60, 3671 (1986);10.1063/1.337580;0;0;0;1;0;1;0;0;0;0;14;0;1;0;0.8788;1.2128;9.36632632832e-28;4.2706178065840077e+27;24.5;1.2193650600309689;5;636
NdLaFe14B;NdLaFeB;JOURNAL OF RARE EARTHS, Vol. 33, No. 9, Sep. 2015, P. 961;;1;0;0;1;0;0;0;0;0;0;14;0;1;0;;;;;;1.3939002605163;4.9640141739660466;563.29190661007794
NdTbFe14B;AbacheOesterreicher1986b;J. Appl. Phys. 60, 3671 (1986);10.1063/1.337583;0;0;0;1;0;0;1;0;0;0;14;0;1;0;0.8769;1.2098;9.3028007737800009e-28;4.2997803535404346e+27;20.9;1.0472961637042364;11;622
Pr1.9Dy0.1Fe13CoB;jurczyk1989a;Journal of Magnetism and Magnetic Materials 78 (1989) 279-282;;0;0;1.9;0;0;0;0.1;0.1;0;0;13;1;1;0;0.88033116883116802;1.2218113406853399;9.4688297769333215e-28;4.22438685057393e+27;30.7;1.5113985915332611;8.4;632
Pr2Co14B;PedziwiatrYangWallace1986;Journal of Magnetism and Magnetic Materials 62 (1986) 29-3;;0;0;2;0;0;0;0;0;0;0;0;14;1;0;0.863581081081081;1.18921249630626;8.8688171905736601e-28;4.5101842940808983e+27;20.9;1.0985441860770169;13.7;986
Pr2Co14B;Pourarian1987;Mat. Res. Soc. Symp. Proc. Voa. 96. r'1987 Materials Research Society;;0;0;2;0;0;0;0;0;0;0;0;14;1;0;0.8649;1.189;8.894338398899998e-28;4.4972428758666275e+27;21;1.1006331591483325;14;988
Pr2Co14B;PedziwiatrChenEtal1987;IEEE  TRANSACTIONS  ON  MAGNETICS, VOL. MAG-23, NO. 5, SEPTEMBER 1987, 217;;0;0;2;0;0;0;0;0;0;0;0;14;1;0;0.8630000000000001;1.1869999999999998;8.8404080300000007e-28;4.5246780311790652e+27;20.9;1.1020744211152205;13;986
Pr2Co14B;PedziwiatrYangWallace1987x;Journal of Applied Physics 61, 3439 (1987); https://doi.org/10.1063/1.338746 ;0;0;2;0;0;0;0;0;0;0;0;14;1;0;0.863;1.187;8.8404080300000007e-28;4.5246780311790652e+27;20.9;1.1020744211152205;13.7;986
Pr2Fe11.2Mn0.8Co2B;jurczyk1986yxcvycv;Journal of the Less-Common Metals, 124 (1986) 149 - 154 ;;0;0;2;0;0;0;0;0;0.8;0;11.2;2;1;0;0.8778;1.2185;9.3889426553999987e-28;4.2603306323310241e+27;25.1;1.2462178911549906;9.4;596
Pr2Fe11.4Mn0.6Co2B;jurczyk1986yxcvycv;Journal of the Less-Common Metals, 124 (1986) 149 - 154 ;;0;0;2;0;0;0;0;0;0.6;0;11.4;2;1;0;0.8785;1.219;9.4077818275000002e-28;4.2517992799403064e+27;26.5;1.3130932945438885;10.3;618
Pr2Fe11.6Mn0.4Co2B;jurczyk1986yxcvycv;Journal of the Less-Common Metals, 124 (1986) 149 - 154 ;;0;0;2;0;0;0;0;0;0.4;0;11.6;2;1;0;0.879;1.2195;9.4223569950000018e-28;4.2452222964196861e+27;28;1.3852731718415958;9.8;646
Pr2Fe11.8Mn0.2Co2B;jurczyk1986yxcvycv;Journal of the Less-Common Metals, 124 (1986) 149 - 154 ;;0;0;2;0;0;0;0;0;0.2;0;11.8;2;1;0;0.8797;1.2202;9.4427872421799991e-28;4.2360374086714509e+27;29.3;1.4464531202481676;9.2;672
Pr2Fe11Co3B;PedziwiatrYangWallace1986;Journal of Magnetism and Magnetic Materials 62 (1986) 29-3;;0;0;2;0;0;0;0;0;0;0;11;3;1;0;0.87709459459459405;1.2181575664050901;9.3712243717831142e-28;4.2683856893279125e+27;29.6;1.4724220814871425;7.6;747
Pr2Fe11MnCo2B;jurczyk1986yxcvycv;Journal of the Less-Common Metals, 124 (1986) 149 - 154 ;;0;0;2;0;0;0;0;0;1;0;11;2;1;0;0.8772;1.2175;9.3684170519999993e-28;4.2696647446390823e+27;23.5;1.1693340422918757;7.2;569
Pr2Fe12.6Co1.4B;hirosawa1988cc;"Journal of Applied Physics 64, 5553 (1988); ";10.1063/1.342523;0;0;2;0;0;0;0;0;0;0;12.6;1.4;1;0;;;;;;1.577;8.77;
Pr2Fe12Co2B;JurczykWallace1986a;;;0;0;2;0;0;0;0;0;0;0;12;2;1;0;0.8804;1.2208;9.462471585280003e-28;4.2272253754742834e+27;30.9;1.5222670182275677;7.7;688
Pr2Fe12Co2B;jurczyk1986yxcvycv;Journal of the Less-Common Metals, 124 (1986) 149 - 154 ;;0;0;2;0;0;0;0;0;0;0;12;2;1;0;0.8804;1.2208;9.4624715852800012e-28;4.2272253754742845e+27;30.9;1.5222670182275684;7.7;688
Pr2Fe12Mn2B;HuangEtal1986a;Journal of the Less-Common Metals, 124 (1986) 55 - 60 ;;0;0;2;0;0;0;0;0;2;0;12;0;1;0;0.879;1.2228;9.447854148e-28;4.2337656121064849e+27;12.4;0.61182251068841587;4.56;366
Pr2Fe13CoB;PedziwiatrYangWallace1986;Journal of Magnetism and Magnetic Materials 62 (1986) 29-3;;0;0;2;0;0;0;0;0;0;0;13;1;1;0;0.87952702702702701;1.2208717207866799;9.4442704047417802e-28;4.2353721659554345e+27;30.3;1.4955852119089454;7.9;631
Pr2Fe13CoB;jurczyk1989a;Journal of Magnetism and Magnetic Materials 78 (1989) 279-282;;0;0;2;0;0;0;0;0;0;0;13;1;1;0;0.881;1.2231591667722901;9.4936844204114758e-28;4.2133273267436374e+27;31.2;1.531992889842654;7.9;628
Pr2Fe13MnB;HuangEtal1986a;Journal of the Less-Common Metals, 124 (1986) 55 - 60 ;;0;0;2;0;0;0;0;0;1;0;13;0;1;0;0.88;1.2237;9.4763328e-28;4.2210421314034042e+27;22.3;1.0969870623495801;7.08;471
Pr2Fe14B;AbacheOesterreicher1985; J. Appl. Phys. 57, 4112 (1985); 10.1063/1.334635 ;0;0;2;0;0;0;0;0;0;0;14;0;1;0;0.8803;1.2232;9.47892039688e-28;4.2198898529800989e+27;28.8;1.4163499075859658;5.9;570
Pr2Fe14B;Kowalczyk1989xxx;Journal of Magnetism and Magnetic Materials 82 (1989) L1-L4 ;;0;0;2;0;0;0;0;0;0;0;14;0;1;0;0.89035714285714196;1.2197207801839201;9.6691637948485688e-28;4.1368623852779042e+27;30.5;1.4704418989197445;8;564
Pr2Fe14B;HuangEtal1986a;Journal of the Less-Common Metals, 124 (1986) 55 - 60 ;;0;0;2;0;0;0;0;0;0;0;14;0;1;0;0.8814;1.2253;9.5189386078799998e-28;4.2021491731112821e+27;30.1;1.4740591693829685;7.93;566
Pr2Fe14B;jurczyk1989a;Journal of Magnetism and Magnetic Materials 78 (1989) 279-282;;0;0;2;0;0;0;0;0;0;0;14;0;1;0;0.88145454545454505;1.22524637681159;9.5197001718432937e-28;4.2018130064966976e+27;31;1.5180125794676327;8;566
Pr2Fe14B;jurczyk1986yxcvycv;Journal of the Less-Common Metals, 124 (1986) 149 - 154 ;;0;0;2;0;0;0;0;0;0;0;14;0;1;0;0.8814;1.2253;9.5189386078799998e-28;4.2021491731112821e+27;31;1.5181340282681732;7.93;566
Pr2Fe14B;JurczykWallace1986a;;;0;0;2;0;0;0;0;0;0;0;14;0;1;0;0.8814;1.2253;9.5189386078799998e-28;4.2021491731112821e+27;31;1.5181340282681732;7.93;566
Pr2Fe14B;PedziwiatrEtal1988;Journal of Applied Physics 63, 3710 (1988);10.1063/1.340643;0;0;2;0;0;0;0;0;0;0;14;0;1;0;0.8814;1.2253;9.5189386078799998e-28;4.2021491731112821e+27;31;1.5181340282681732;8;566
Pr2Fe14B;Burzo1998;1998 Rep. Prog. Phys. 61 1099;;0;0;2;0;0;0;0;0;0;0;14;0;1;0;;;;;;1.56;8.7;
Pr2Fe14B;MagnetizationandmagneticanisotropyofR2Fe14Bmeasuredonsinglecrystals;J. Appl. Phys. 59 (3) 1 February 1986, 873;;0;0;2;0;0;0;0;0;0;0;14;0;1;0;0.881;1.227;9.52349547e-28;4.2001385022972023e+27;;1.56;8.7;569
Pr2Fe14B;SagawaHirosawaEtal1987d;Japanes journal of applied physics 26 (1987) 785;;0;0;2;0;0;0;0;0;0;0;14;0;1;0;0.881;1.227;;;;1.56;8.67;569
Pr2Fe14B;herbst1991;Reviews of Modern Physics, Yol. 63, No. 4, October 1991;https://doi.org/10.1103/RevModPhys.63.819;0;0;2;0;0;0;0;0;0;0;14;0;1;0;0.88;1.223;9.470912e-28;4.2234580999168817e+27;31.9;1.5701307846063337;7.5;565
Pr2Fe14C;Burzo1998;1998 Rep. Prog. Phys. 61 1099;;0;0;2;0;0;0;0;0;0;0;14;0;0;1;;;;;;1.27;14.8;
Pr2Fe2Co12B;PedziwiatrYangWallace1986;Journal of Magnetism and Magnetic Materials 62 (1986) 29-3;;0;0;2;0;0;0;0;0;0;0;2;12;1;0;0.86662162162162104;1.1961192829234599;8.9832509535029449e-28;4.4527309998394658e+27;22.7;1.1779565514327266;8.4;979
Pr2Fe4Co10B;PedziwiatrYangWallace1986;Journal of Magnetism and Magnetic Materials 62 (1986) 29-3;;0;0;2;0;0;0;0;0;0;0;4;10;1;0;0.86858108108108101;1.2017145483796801;9.0661322533397622e-28;4.4120247622976035e+27;24.5;1.2597401787729636;6.7;958
Pr2Fe6Co8B;PedziwiatrYangWallace1986;Journal of Magnetism and Magnetic Materials 62 (1986) 29-3;;0;0;2;0;0;0;0;0;0;0;6;8;1;0;0.871824324324324;1.2082297993893001;9.1834846958050675e-28;4.3556450873459437e+27;26.2;1.3299359680435912;6.8;920
Pr2Fe7Co7B;PedziwiatrYangWallace1986;Journal of Magnetism and Magnetic Materials 62 (1986) 29-3;;0;0;2;0;0;0;0;0;0;0;7;7;1;0;0.87398648648648602;1.2106986899563299;9.247950740438204e-28;4.3252825542304567e+27;27.3;1.3761129637101954;6.8;893
Pr2Fe8Co6B;PedziwiatrYangWallace1986;Journal of Magnetism and Magnetic Materials 62 (1986) 29-3;;0;0;2;0;0;0;0;0;0;0;8;6;1;0;0.87466216216216197;1.2123840168105799;9.2751487015430807e-28;4.3125993218141407e+27;27.8;1.3972073506130895;7;863
Pr2Fe9Co5B;PedziwiatrYangWallace1986;Journal of Magnetism and Magnetic Materials 62 (1986) 29-3;;0;0;2;0;0;0;0;0;0;0;9;5;1;0;0.87641891891891899;1.2153784023377201;9.3354445221397214e-28;4.2847450815156086e+27;28.8;1.4381177025149889;7.2;831
Tb2Co14B;pedziwiatr1987;Journal of Magnetism and Magnetic Materials 67 (1987) 311-315 ;;0;0;0;0;0;0;2;0;0;0;0;14;1;0;0.86;1.173;8.675508e-28;4.6106810114174299e+27;6.1791845493562203;0.3320268448678394;13.714814814814799;1033
Tb2Fe12Co2B;pedziwiatr1987;Journal of Magnetism and Magnetic Materials 67 (1987) 311-315 ;;0;0;0;0;0;0;2;0;0;0;12;2;1;0;0.8738;1.1987;9.1523914362800016e-28;4.3704424443037196e+27;13.8927038626609;0.70760214250141307;20.118518518518499;752
Tb2Fe14B;Burzo1998;1998 Rep. Prog. Phys. 61 1099;;0;0;0;0;0;0;2;0;0;0;14;0;1;0;;;;;;0.664;22;
Tb2Fe14B;SagawaHirosawaEtal1987d;Japanes journal of applied physics 26 (1987) 785;;0;0;0;0;0;0;2;0;0;0;14;0;1;0;0.877;1.205;;;;0.664;22;620
Tb2Fe14B;MagnetizationandmagneticanisotropyofR2Fe14Bmeasuredonsinglecrystals;J. Appl. Phys. 59 (3) 1 February 1986, 873;;0;0;0;0;0;0;2;0;0;0;14;0;1;0;0.877;1.205;9.2680044500000005e-28;4.315923693800125e+27;;0.703;22;620
Tb2Fe14B;pedziwiatr1987;Journal of Magnetism and Magnetic Materials 67 (1987) 311-315 ;;0;0;0;0;0;0;2;0;0;0;14;0;1;0;0.8764;1.2031;9.2407339057599995e-28;4.3286605163543251e+27;13.9484978540772;0.70365199333365613;13.7;646
Tb2Fe14B;herbst1991;Reviews of Modern Physics, Yol. 63, No. 4, October 1991;https://doi.org/10.1103/RevModPhys.63.819;0;0;0;0;0;0;2;0;0;0;14;0;1;0;0.877;1.205;9.2680044500000005e-28;4.315923693800125e+27;14;0.70417199468907776;22;620
Tb2Fe14B;AbacheOesterreicher1985; J. Appl. Phys. 57, 4112 (1985); 10.1063/1.334635 ;0;0;0;0;0;0;2;0;0;0;14;0;1;0;0.8761;1.2034;9.2367112611400004e-28;4.3305456746585772e+27;14;0.70655766926488006;13.9;645
Tb2Fe14B;AbacheOesterreicher1986b;J. Appl. Phys. 60, 3671 (1986);10.1063/1.337585;0;0;0;0;0;0;2;0;0;0;14;0;1;0;0.8761;1.2034;9.2367112611399986e-28;4.3305456746585778e+27;18.2;0.9185249700443443;13.9;633
Tb2Fe14C;Burzo1998;1998 Rep. Prog. Phys. 61 1099;;0;0;0;0;0;0;2;0;0;0;14;0;0;1;;;;;;0.58;19.4;
Tb2Fe2Co12B;pedziwiatr1987;Journal of Magnetism and Magnetic Materials 67 (1987) 311-315 ;;0;0;0;0;0;0;2;0;0;0;2;12;1;0;0.8607;1.1785;8.730380914650001e-28;4.5817015764888409e+27;7.3090128755364798;0.39026758507103043;14.907407407407399;1035
Tb2Fe5Co9B;pedziwiatr1987;Journal of Magnetism and Magnetic Materials 67 (1987) 311-315 ;;0;0;0;0;0;0;2;0;0;0;5;9;1;0;0.8641;1.1865;8.8592254306500009e-28;4.5150674077683113e+27;9.4431330472102992;0.49688662041233861;17.007407407407399;1001
Tb2Fe9Co5B;pedziwiatr1987;Journal of Magnetism and Magnetic Materials 67 (1987) 311-315 ;;0;0;0;0;0;0;2;0;0;0;9;5;1;0;0.8698;1.1947;9.0385272218800008e-28;4.4254997543371957e+27;12.7070815450643;0.65536779091711594;20.274074074074001;885
