,composition,filename,reference,DOI,la,ce,pr,nd,sm,gd,tb,dy,mn,ni,fe,co,b,c,lattice_a,lattice_c,lattice_v,nfu,muB,mu0Ms,mu0Ha,Tc,material_id
0,Ce0.1Pr0.3Nd1.6Fe12Co2B,jurczyk1988,Journal of Magnetism and Magnetic Materials 73 (1988) 367-371 ,,0.0,0.1,0.3,1.6,0.0,0.0,0.0,0.0,0.0,0.0,12.0,2.0,1.0,0.0,0.8796,1.2167,9.413561178719999e-28,4.249188935046467e+27,,1.58,6.7,715.0,0
1,Ce0.1Pr0.3Nd1.6Fe14B,jurczyk1988,Journal of Magnetism and Magnetic Materials 73 (1988) 367-371 ,,0.0,0.1,0.3,1.6,0.0,0.0,0.0,0.0,0.0,0.0,14.0,0.0,1.0,0.0,0.8805,1.2197,9.456093209249996e-28,4.2300767467976944e+27,,1.56,6.9,578.0,1
2,Ce2Fe14B,AbacheOesterreicher1986b,"J. Appl. Phys. 60, 3671 (1986)",10.1063/1.337579,0.0,2.0,0.0,0.0,0.0,0.0,0.0,0.0,0.0,0.0,14.0,0.0,1.0,0.0,0.875,1.21,9.2640625e-28,4.3177601619160063e+27,19.8,0.9963241579321496,3.0,436.0,2
3,Ce2Fe14B,AbacheOesterreicher1985," J. Appl. Phys. 57, 4112 (1985)", 10.1063/1.334635 ,0.0,2.0,0.0,0.0,0.0,0.0,0.0,0.0,0.0,0.0,14.0,0.0,1.0,0.0,0.87,1.21,9.15849e-28,4.3675322023608695e+27,19.8,1.0078090677986549,3.1,445.0,3
5,Ce2Fe14B,MagnetizationandmagneticanisotropyofR2Fe14Bmeasuredonsinglecrystals,"J. Appl. Phys. 59 (3) 1 February 1986, 873",,0.0,2.0,0.0,0.0,0.0,0.0,0.0,0.0,0.0,0.0,14.0,0.0,1.0,0.0,0.875,1.21,,,,1.17,3.0,422.0,5
6,Ce2Fe14B,herbst1991,"Reviews of Modern Physics, Yol. 63, No. 4, October 1991",https://doi.org/10.1103/RevModPhys.63.819,0.0,2.0,0.0,0.0,0.0,0.0,0.0,0.0,0.0,0.0,14.0,0.0,1.0,0.0,0.876,1.211,9.292923359999999e-28,4.30435057413408e+27,23.9,1.198898708556163,2.6,424.0,6
7,Ce2Fe14B,JurczykWallace1986a,,,0.0,2.0,0.0,0.0,0.0,0.0,0.0,0.0,0.0,0.0,14.0,0.0,1.0,0.0,0.8767,1.2121,9.316235629689995e-28,4.2935796806731285e+27,24.0,1.20090243185688,3.71,437.0,7
8,Ce2Fe14B,SagawaHirosawaEtal1987d,Japanes journal of applied physics 26 (1987) 785,,0.0,2.0,0.0,0.0,0.0,0.0,0.0,0.0,0.0,0.0,14.0,0.0,1.0,0.0,0.8822,1.2338,,,,1.271,3.0,530.0,8
9,Dy2Fe10Co4B,pedziwiatr1987a,Journal of Magnetism and Magnetic Materials 66 (1987) 63-68 ,,0.0,0.0,0.0,0.0,0.0,0.0,0.0,2.0,0.0,0.0,10.0,4.0,1.0,0.0,0.868116883116883,1.19098684210526,8.975597488545901e-28,4.456527830157881e+27,14.7,0.763468131019219,18.0,820.0,9
10,Dy2Fe12Co2B,pedziwiatr1987a,Journal of Magnetism and Magnetic Materials 66 (1987) 63-68 ,,0.0,0.0,0.0,0.0,0.0,0.0,0.0,2.0,0.0,0.0,12.0,2.0,1.0,0.0,0.871103896,1.19486842105263,9.066924423801151e-28,4.411639286966802e+27,14.8,0.7609194171378783,16.8,725.0,10
12,Dy2Fe14B,ChenEtAl1988b," Journal of Applied Physics 64, 5546 (1988)", https://doi.org/10.1063/1.342331,0.0,0.0,0.0,0.0,0.0,0.0,0.0,2.0,0.0,0.0,14.0,0.0,1.0,0.0,0.8762,1.2022,9.22960726168e-28,4.333878881940538e+27,13.1,0.6616449791768219,15.1,592.0,12
13,Dy2Fe14B,PourarianJiangZhangEtal1988,"J, fo.ppl. Phys., Vol. 64, No. 10, 15 November 1988",,0.0,0.0,0.0,0.5,0.0,0.0,0.0,2.0,0.0,0.0,14.0,0.0,1.0,0.0,0.8748,1.199,9.1756477296e-28,4.359365265403857e+27,13.5,0.6858576444567754,26.34,586.0,13
14,Dy2Fe14B,herbst1991,"Reviews of Modern Physics, Yol. 63, No. 4, October 1991",https://doi.org/10.1103/RevModPhys.63.819,0.0,0.0,0.0,0.0,0.0,0.0,0.0,2.0,0.0,0.0,14.0,0.0,1.0,0.0,0.876,1.201,9.216185759999999e-28,4.340190295817128e+27,14.0,0.7081312541104585,15.0,598.0,14
15,Dy2Fe14B,JurczykWallace1986a,,,0.0,0.0,0.0,0.0,0.0,0.0,0.0,2.0,0.0,0.0,14.0,0.0,1.0,0.0,0.8768,1.2026,9.245327114239999e-28,4.3265099769580354e+27,14.1,0.7109413552983942,15.8,592.0,15
17,Dy2Fe14B,MagnetizationandmagneticanisotropyofR2Fe14Bmeasuredonsinglecrystals,"J. Appl. Phys. 59 (3) 1 February 1986, 873",,0.0,0.0,0.0,0.0,0.0,0.0,0.0,2.0,0.0,0.0,14.0,0.0,1.0,0.0,0.876,1.199,9.200838239999999e-28,4.347429979379792e+27,,0.712,15.0,598.0,17
18,Dy2Fe14B,SagawaHirosawaEtal1987d,Japanes journal of applied physics 26 (1987) 785,,0.0,0.0,0.0,0.0,0.0,0.0,0.0,2.0,0.0,0.0,14.0,0.0,1.0,0.0,0.876,1.199,,,,0.712,15.0,598.0,18
19,Dy2Fe14B,pedziwiatr1987a,Journal of Magnetism and Magnetic Materials 66 (1987) 63-68 ,,0.0,0.0,0.0,0.0,0.0,0.0,0.0,2.0,0.0,0.0,14.0,0.0,1.0,0.0,0.8750649350649349,1.2,9.188863686962385e-28,4.3530953731258393e+27,14.1,0.7153099243490477,15.8,592.0,19
21,Dy2Fe6Co8B,pedziwiatr1987a,Journal of Magnetism and Magnetic Materials 66 (1987) 63-68 ,,0.0,0.0,0.0,0.0,0.0,0.0,0.0,2.0,0.0,0.0,6.0,8.0,1.0,0.0,0.861233766233766,1.18072368421052,8.757706217773758e-28,4.567406008529954e+27,12.0,0.6387454514482693,12.8,976.0,21
22,Dy2Fe8Co6B,pedziwiatr1987a,Journal of Magnetism and Magnetic Materials 66 (1987) 63-68 ,,0.0,0.0,0.0,0.0,0.0,0.0,0.0,2.0,0.0,0.0,8.0,6.0,1.0,0.0,0.863961038961039,1.18565789473684,8.85009053556447e-28,4.519727774451376e+27,13.5,0.7110874304504758,15.6,916.0,22
23,Gd2Co14B,herbst1991,"Reviews of Modern Physics, Yol. 63, No. 4, October 1991",https://doi.org/10.1103/RevModPhys.63.819,0.0,0.0,0.0,0.0,0.0,2.0,0.0,0.0,0.0,0.0,0.0,14.0,1.0,0.0,0.8601,1.176,8.717934959999999e-28,4.58824253490416e+27,17.0,0.9090174989415788,9.0,1050.0,23
24,Gd2Fe10Co4B,HuangEtal1986b,Journal of Magnetism and Magnetic Materials 60 (1986) 270-274 ,,0.0,0.0,0.0,0.0,0.0,2.0,0.0,0.0,0.0,0.0,10.0,4.0,1.0,0.0,0.8766,1.2065,9.2710785114e-28,4.314492639752191e+27,16.8,0.84472621030904,2.85,873.0,24
25,Gd2Fe11.2Mn0.8Co2B,jurczyk1986yxcvycv,"Journal of the Less-Common Metals, 124 (1986) 149 - 154 ",,0.0,0.0,0.0,0.0,0.0,2.0,0.0,0.0,0.8,0.0,11.2,2.0,1.0,0.0,0.8761,1.2052,9.25052718292e-28,4.324077883242725e+27,14.5,0.7306989200549803,3.25,679.0,25
26,Gd2Fe11.4Mn0.6Co2B,jurczyk1986yxcvycv,"Journal of the Less-Common Metals, 124 (1986) 149 - 154 ",,0.0,0.0,0.0,0.0,0.0,2.0,0.0,0.0,0.6,0.0,11.4,2.0,1.0,0.0,0.8766,1.2058,9.26569951848e-28,4.316997321165216e+27,15.1,0.759688727121573,3.51,708.0,26
27,Gd2Fe11.6Mn0.4Co2B,jurczyk1986yxcvycv,"Journal of the Less-Common Metals, 124 (1986) 149 - 154 ",,0.0,0.0,0.0,0.0,0.0,2.0,0.0,0.0,0.4,0.0,11.6,2.0,1.0,0.0,0.8774,1.2065,9.288008119399997e-28,4.306628448833008e+27,15.6,0.7829588886825773,3.42,728.0,27
28,Gd2Fe11.8Mn0.2Co2B,jurczyk1986yxcvycv,"Journal of the Less-Common Metals, 124 (1986) 149 - 154 ",,0.0,0.0,0.0,0.0,0.0,2.0,0.0,0.0,0.2,0.0,11.8,2.0,1.0,0.0,0.8781,1.2071,9.30746055231e-28,4.297627669243516e+27,16.6,0.8314072948318749,3.19,755.0,28
29,Gd2Fe11MnCo2B,jurczyk1986yxcvycv,"Journal of the Less-Common Metals, 124 (1986) 149 - 154 ",,0.0,0.0,0.0,0.0,0.0,2.0,0.0,0.0,1.0,0.0,11.0,2.0,1.0,0.0,0.8755,1.2047,9.234028511750001e-28,4.331803822037295e+27,13.9,0.7017146377301711,2.71,655.0,29
30,Gd2Fe12Co2B,HuangEtal1986b,Journal of Magnetism and Magnetic Materials 60 (1986) 270-274 ,,0.0,0.0,0.0,0.0,0.0,2.0,0.0,0.0,0.0,0.0,12.0,2.0,1.0,0.0,0.8787,1.2078,9.32558914782e-28,4.289273242254149e+27,17.0,0.8497860357838183,2.88,783.0,30
31,Gd2Fe12Co2B,jurczyk1986yxcvycv,"Journal of the Less-Common Metals, 124 (1986) 149 - 154 ",,0.0,0.0,0.0,0.0,0.0,2.0,0.0,0.0,0.0,0.0,12.0,2.0,1.0,0.0,0.8787,1.2078,9.32558914782e-28,4.289273242254149e+27,17.0,0.8497860357838183,2.88,783.0,31
32,Gd2Fe12Mn2B,HuangEtal1986a,"Journal of the Less-Common Metals, 124 (1986) 55 - 60 ",,0.0,0.0,0.0,0.0,0.0,2.0,0.0,0.0,2.0,0.0,12.0,0.0,1.0,0.0,0.8786,1.2103,9.34276512988e-28,4.281387730926912e+27,6.5,0.3243208521132608,4.51,443.0,32
33,Gd2Fe13MnB,HuangEtal1986a,"Journal of the Less-Common Metals, 124 (1986) 55 - 60 ",,0.0,0.0,0.0,0.0,0.0,2.0,0.0,0.0,1.0,0.0,13.0,0.0,1.0,0.0,0.879,1.2105,9.352819305e-28,4.2767852874711355e+27,11.8,0.5881341674077346,4.19,560.0,33
34,Gd2Fe14B,AbacheOesterreicher1985," J. Appl. Phys. 57, 4112 (1985)", 10.1063/1.334635 ,0.0,0.0,0.0,0.0,0.0,2.0,0.0,0.0,0.0,0.0,14.0,0.0,1.0,0.0,0.8773,1.2087,9.30282349023e-28,4.2997698539597945e+27,16.7,0.8368326902211277,3.1,661.0,34
35,Gd2Fe14B,AbacheOesterreicher1986b,"J. Appl. Phys. 60, 3671 (1986)",10.1063/1.337581,0.0,0.0,0.0,0.0,0.0,2.0,0.0,0.0,0.0,0.0,14.0,0.0,1.0,0.0,0.8773,1.2087,9.30282349023e-28,4.299769853959796e+27,16.7,0.8368326902211278,3.1,677.0,35
36,Gd2Fe14B,SunEtal1989b,"phys. stat. sol. (a) 115, K219 (1989) ",,0.0,0.0,0.0,0.0,0.0,2.0,0.0,0.0,0.0,0.0,14.0,0.0,1.0,0.0,0.878,1.208,9.31227872e-28,4.295404079142511e+27,17.1,0.856006556653577,2.06,660.0,36
37,Gd2Fe14B,HuangEtal1986a,"Journal of the Less-Common Metals, 124 (1986) 55 - 60 ",,0.0,0.0,0.0,0.0,0.0,2.0,0.0,0.0,0.0,0.0,14.0,0.0,1.0,0.0,0.8798,1.2099,9.365207235960001e-28,4.271128122654908e+27,17.3,0.8611239298156284,2.86,669.0,37
38,Gd2Fe14B,HuangEtal1986b,Journal of Magnetism and Magnetic Materials 60 (1986) 270-274 ,,0.0,0.0,0.0,0.0,0.0,2.0,0.0,0.0,0.0,0.0,14.0,0.0,1.0,0.0,0.8798,1.2099,9.365207235960001e-28,4.271128122654908e+27,17.3,0.8611239298156284,2.86,669.0,38
39,Gd2Fe14B,jurczyk1986yxcvycv,"Journal of the Less-Common Metals, 124 (1986) 149 - 154 ",,0.0,0.0,0.0,0.0,0.0,2.0,0.0,0.0,0.0,0.0,14.0,0.0,1.0,0.0,0.8798,1.2099,9.365207235960001e-28,4.271128122654908e+27,17.3,0.8611239298156284,2.86,669.0,39
40,Gd2Fe14B,JurczykWallace1986a,,,0.0,0.0,0.0,0.0,0.0,2.0,0.0,0.0,0.0,0.0,14.0,0.0,0.0,0.0,0.8798,1.2099,9.36520723596e-28,4.271128122654908e+27,17.3,0.8611239298156284,2.86,669.0,40
41,Gd2Fe14B,KowalczykWrzeciono1988a,"phys. stat. sol. (a) 110, 241 (1988) ",,0.0,0.0,0.0,0.0,0.0,0.0,2.0,0.0,0.0,0.0,14.0,0.0,1.0,0.0,0.8796,1.2095,9.357855055199998e-28,4.2744838175039573e+27,17.3,0.8618004885731024,2.9,669.0,41
42,Gd2Fe14B,KowalczykWrzeciono1988b,Journal of Magnetism and Magnetic Materials 74 (1988) 260-262 ,,0.0,0.0,0.0,0.0,0.0,2.0,0.0,0.0,0.0,0.0,14.0,0.0,1.0,0.0,0.88,1.2095,9.357855055199998e-28,4.2744838175039573e+27,17.3,0.8618004885731024,2.9,669.0,42
43,Gd2Fe14B,herbst1991,"Reviews of Modern Physics, Yol. 63, No. 4, October 1991",https://doi.org/10.1103/RevModPhys.63.819,0.0,0.0,0.0,0.0,0.0,2.0,0.0,0.0,0.0,0.0,14.0,0.0,1.0,0.0,0.879,1.209,9.34122969e-28,4.282091472691321e+27,17.5,0.873315050176192,2.4,661.0,43
45,Gd2Fe14B,MagnetizationandmagneticanisotropyofR2Fe14Bmeasuredonsinglecrystals,"J. Appl. Phys. 59 (3) 1 February 1986, 873",,0.0,0.0,0.0,0.0,0.0,2.0,0.0,0.0,0.0,0.0,14.0,0.0,1.0,0.0,0.874,1.194,9.12067944e-28,4.385638182236125e+27,,0.893,2.5,659.0,45
46,Gd2Fe14B,SagawaHirosawaEtal1987d,Japanes journal of applied physics 26 (1987) 785,,0.0,0.0,0.0,0.0,0.0,2.0,0.0,0.0,0.0,0.0,14.0,0.0,1.0,0.0,0.874,1.194,,,,0.893,2.5,659.0,46
47,Gd2Fe14C,AbacheOesterreicher1985," J. Appl. Phys. 57, 4112 (1985)", 10.1063/1.334635 ,0.0,0.0,0.0,0.0,0.0,2.0,0.0,0.0,0.0,0.0,14.0,0.0,0.0,1.0,0.8807,1.1887,9.219943408630001e-28,4.3384214226910994e+27,12.4,0.6269463476355802,5.2,643.0,47
49,Gd2Fe8Co6B,HuangEtal1986b,Journal of Magnetism and Magnetic Materials 60 (1986) 270-274 ,,0.0,0.0,0.0,0.0,0.0,2.0,0.0,0.0,0.0,0.0,8.0,6.0,1.0,0.0,0.8726,1.2004,9.140214843040001e-28,4.3762647472623465e+27,15.3,0.7803186262495913,2.81,928.0,49
50,La0.58CePr0.1Nd0.32Fe12Co2B,jurczyk1988rtpdf,Journal of Magnetism and Magnetic Materials 73 (1988) 199-204 ,,0.58,1.0,0.1,0.32,0.0,0.0,0.0,0.0,0.0,0.0,12.0,2.0,1.0,0.0,0.8769,1.2125,9.32356252125e-28,4.2902055849181176e+27,,1.27,3.8,636.0,50
51,La0.58CePr0.1Nd0.32Fe14B,jurczyk1988rtpdf,Journal of Magnetism and Magnetic Materials 73 (1988) 199-204 ,,0.58,1.0,0.1,0.32,0.0,0.0,0.0,0.0,0.0,0.0,14.0,0.0,1.0,0.0,0.8785,1.2198,9.4139559255e-28,4.2490107577039133e+27,,1.26,4.0,488.0,51
52,La2Fe14B,herbst1991,"Reviews of Modern Physics, Yol. 63, No. 4, October 1991",https://doi.org/10.1103/RevModPhys.63.819,2.0,0.0,0.0,0.0,0.0,0.0,0.0,0.0,0.0,0.0,14.0,0.0,1.0,0.0,0.882,1.234,9.599582159999999e-28,4.166848028727117e+27,28.4,1.37912285907365,2.0,530.0,52
53,Nd0.2Pr1.8Co14B,Pourarian1987,Mat. Res. Soc. Symp. Proc. Voa. 96. r'1987 Materials Research Society,,0.0,0.0,1.8,0.2,0.0,0.0,0.0,0.0,0.0,0.0,0.0,14.0,1.0,0.0,0.8648,1.1888,8.89078602752e-28,4.499039778506244e+27,21.1,1.1063161286865784,12.7,988.0,53
54,Nd0.4Pr1.6Co11Fe3B,Pourarian1987,Mat. Res. Soc. Symp. Proc. Voa. 96. r'1987 Materials Research Society,,0.0,0.0,1.6,0.4,0.0,0.0,0.0,0.0,0.0,0.0,3.0,11.0,1.0,0.0,0.8665,1.1965,8.983588221249998e-28,4.4525638324988033e+27,24.1,1.2505589031009994,6.6,970.0,54
55,Nd0.4Pr1.6Co14B,Pourarian1987,Mat. Res. Soc. Symp. Proc. Voa. 96. r'1987 Materials Research Society,,0.0,0.0,1.6,0.4,0.0,0.0,0.0,0.0,0.0,0.0,0.0,14.0,1.0,0.0,0.865,1.1885,8.892654125e-28,4.4980946563015007e+27,21.2,1.1113258256153844,11.8,989.0,55
58,Nd0.6Pr1.4Co14B,Pourarian1987,Mat. Res. Soc. Symp. Proc. Voa. 96. r'1987 Materials Research Society,,0.0,0.0,1.4,0.6,0.0,0.0,0.0,0.0,0.0,0.0,0.0,14.0,1.0,0.0,0.865,1.1885,8.892654125e-28,4.4980946563015007e+27,21.3,1.1165679285664003,11.0,991.0,58
59,Nd0.8La1.2Fe14B,NdLaFeB,"JOURNAL OF RARE EARTHS, Vol. 33, No. 9, Sep. 2015, P. 961",,1.2,0.0,0.0,0.8,0.0,0.0,0.0,0.0,0.0,0.0,14.0,0.0,1.0,0.0,,,,,,1.37163939453338,4.901480102188424,557.506534183192,59
60,Nd0.8Pr1.2Co14B,Pourarian1987,Mat. Res. Soc. Symp. Proc. Voa. 96. r'1987 Materials Research Society,,0.0,0.0,1.2,0.8,0.0,0.0,0.0,0.0,0.0,0.0,0.0,14.0,1.0,0.0,0.8649,1.1884,8.889850086839996e-28,4.49951344615064e+27,21.4,1.122163873045217,10.6,993.0,60
61,Nd1.2La0.8Fe14B,NdLaFeB,"JOURNAL OF RARE EARTHS, Vol. 33, No. 9, Sep. 2015, P. 961",,0.8,0.0,0.0,1.2,0.0,0.0,0.0,0.0,0.0,0.0,14.0,0.0,1.0,0.0,,,,,,1.44980374226465,6.058972989815884,564.970402500932,61
62,Nd1.2Pr0.8Co14B,Pourarian1987,Mat. Res. Soc. Symp. Proc. Voa. 96. r'1987 Materials Research Society,,0.0,0.0,0.8,1.2,0.0,0.0,0.0,0.0,0.0,0.0,0.0,14.0,1.0,0.0,0.8648,1.188,8.884802995200001e-28,4.5020694349227455e+27,21.7,1.1385415337850269,9.5,996.0,62
63,Nd1.4La0.6Fe14B,NdLaFeB,"JOURNAL OF RARE EARTHS, Vol. 33, No. 9, Sep. 2015, P. 961",,0.6,0.0,0.0,1.4,0.0,0.0,0.0,0.0,0.0,0.0,14.0,0.0,1.0,0.0,,,,,,1.48128617760387,6.199014080134775,569.622193134765,63
64,Nd1.5Ce0.5Fe14B,AbacheOesterreicher1986b,"J. Appl. Phys. 60, 3671 (1986)",10.1063/1.337578,0.0,0.5,0.0,1.5,0.0,0.0,0.0,0.0,0.0,0.0,14.0,0.0,1.0,0.0,0.8788,1.2156,9.38795043264e-28,4.260780911340149e+27,27.0,1.3406947945333152,4.4,562.0,64
66,Nd1.5Tb0.5Fe14B,AbacheOesterreicher1986b,"J. Appl. Phys. 60, 3671 (1986)",10.1063/1.337582,0.0,0.0,0.0,1.5,0.0,0.0,0.5,0.0,0.0,0.0,14.0,0.0,1.0,0.0,0.8773,1.213,9.3359186677e-28,4.284527471130424e+27,23.8,1.188384132454922,10.9,599.0,66
67,Nd1.6La0.4Fe14B,NdLaFeB,"JOURNAL OF RARE EARTHS, Vol. 33, No. 9, Sep. 2015, P. 961",,0.4,0.0,0.0,1.6,0.0,0.0,0.0,0.0,0.0,0.0,14.0,0.0,1.0,0.0,,,,,,1.49928581761471,6.2972885294813645,571.726331222815,67
68,Nd1.6Pr0.4Co14B,Pourarian1987,Mat. Res. Soc. Symp. Proc. Voa. 96. r'1987 Materials Research Society,,0.0,0.0,0.4,1.63,0.0,0.0,0.0,0.0,0.0,0.0,0.0,14.0,1.0,0.0,0.8649,1.1878,8.885361774779995e-28,4.501786310326166e+27,22.3,1.1699483649191498,8.0,998.0,68
69,Nd1.8La0.2Fe14B,NdLaFeB,"JOURNAL OF RARE EARTHS, Vol. 33, No. 9, Sep. 2015, P. 961",,0.2,0.0,0.0,1.8,0.0,0.0,0.0,0.0,0.0,0.0,14.0,0.0,1.0,0.0,,,,,,1.52499731608097,6.466811954604225,577.158703737594,69
70,Nd1.9Dy0.1Fe12Co2B,jurczyk1990ccc,"phys. stat. sol. (a) 117, 299 (1990) ",,0.0,0.0,0.0,1.9,0.0,0.0,0.0,0.1,0.0,0.0,12.0,2.0,1.0,0.0,0.8798,1.2174,,,,1.54,7.200530362027807,725.0,70
71,Nd1.9Tb0.1Fe12Co2B,jurczyk1990ccc,"phys. stat. sol. (a) 117, 299 (1990) ",,0.0,0.0,0.0,1.9,0.0,0.0,0.1,0.0,0.0,0.0,12.0,2.0,1.0,0.0,0.88,1.2176,,,,1.54,7.301061326942679,726.0,71
72,Nd2Co14B,AbacheOesterreicher1985," J. Appl. Phys. 57, 4112 (1985)", 10.1063/1.334635 ,0.0,0.0,0.0,2.0,0.0,0.0,0.0,0.0,0.0,0.0,0.0,14.0,1.0,0.0,0.8638,1.187,8.8568057228e-28,4.516300938726514e+27,20.0,1.0526641294845855,4.7,985.0,72
73,Nd2Co14B,AbacheOesterreicher1986a,"J. Appl. Phys. 60 (3), 1 August 1986 ",,0.0,0.0,0.0,2.0,0.0,0.0,0.0,0.0,0.0,0.0,0.0,14.0,1.0,0.0,0.8638,1.187,8.8568057228e-28,4.516300938726514e+27,20.0,1.0526641294845855,4.69,985.0,73
74,Nd2Co14B,herbst1991,"Reviews of Modern Physics, Yol. 63, No. 4, October 1991",https://doi.org/10.1103/RevModPhys.63.819,0.0,0.0,0.0,2.0,0.0,0.0,0.0,0.0,0.0,0.0,0.0,14.0,1.0,0.0,0.8764413581996479,1.21496376487429,9.33273753058812e-28,4.28598788607305e+27,23.6126475583418,1.1794311118044185,4.03358208955223,997.825837854534,74
75,Nd2Co14B,Pourarian1987,Mat. Res. Soc. Symp. Proc. Voa. 96. r'1987 Materials Research Society,,0.0,0.0,0.0,2.0,0.0,0.0,0.0,0.0,0.0,0.0,0.0,14.0,1.0,0.0,0.8651,1.1878,8.88947156278e-28,4.4997050406774486e+27,23.2,1.2166032907152986,5.5,1004.0,75
76,Nd2Co14B,PedziwiatrChenEtal1987,"IEEE  TRANSACTIONS  ON  MAGNETICS, VOL. MAG-23, NO. 5, SEPTEMBER 1987, 217",,0.0,0.0,0.0,2.0,0.0,0.0,0.0,0.0,0.0,0.0,0.0,14.0,1.0,0.0,0.8651,1.1871,8.88423277671e-28,4.502358392146132e+27,23.2,1.2173206879889071,5.5,1004.0,76
77,Nd2Co14B,PedziwiatrYangWallace1987x,"Journal of Applied Physics 61, 3439 (1987)", https://doi.org/10.1063/1.338746 ,0.0,0.0,0.0,2.0,0.0,0.0,0.0,0.0,0.0,0.0,0.0,14.0,1.0,0.0,0.8651,1.1871,8.88423277671e-28,4.502358392146132e+27,23.2,1.2173206879889071,5.5,1004.0,77
78,Nd2Fe10Co4B,AbacheOesterreicher1986a,"J. Appl. Phys. 60 (3), 1 August 1986 ",,0.0,0.0,0.0,2.0,0.0,0.0,0.0,0.0,0.0,0.0,10.0,4.0,1.0,0.0,0.877,1.2111,9.314921319e-28,4.29418549337722e+27,28.0,1.4012505220053482,6.0,838.0,78
79,Nd2Fe10Co4B,AbacheOesterreicher1985," J. Appl. Phys. 57, 4112 (1985)", 10.1063/1.334635 ,0.0,0.0,0.0,2.0,0.0,0.0,0.0,0.0,0.0,0.0,10.0,4.0,1.0,0.0,0.875,1.2113,9.274015625e-28,4.313126224649853e+27,28.0,1.4074311375432365,6.0,801.0,79
80,Nd2Fe10Co4B,HuangEtal1986b,Journal of Magnetism and Magnetic Materials 60 (1986) 270-274 ,,0.0,0.0,0.0,2.0,0.0,0.0,0.0,0.0,0.0,0.0,10.0,4.0,1.0,0.0,0.8787,1.2156,9.38581401564e-28,4.261750758468708e+27,31.5,1.5644999603981775,6.63,820.0,80
81,Nd2Fe10Co4B,herbst1991,"Reviews of Modern Physics, Yol. 63, No. 4, October 1991",https://doi.org/10.1103/RevModPhys.63.819,0.0,0.0,0.0,2.0,0.0,0.0,0.0,0.0,0.0,0.0,10.0,4.0,1.0,0.0,0.8757689594856137,1.2036325042497973,9.231515508774124e-28,4.3329830255911783e+27,33.4584110380933,1.6895430238299427,6.78453779161416,808.089815069231,81
82,Nd2Fe11.2Mn0.8Co2B,jurczyk1986bv,"IEEE  TRANSACTIONS ON MAGNETICS, VOX,, MAG-22, NO. 5, SEPTEMBER 1986 ",,0.0,0.0,0.0,2.0,0.0,0.0,0.0,0.0,0.8,0.0,11.2,2.0,1.0,0.0,0.8768,1.2145,9.336811724799999e-28,4.284117660180925e+27,26.6,1.3280669899037445,7.5,622.0,82
83,Nd2Fe11.4Mn0.6Co2B,jurczyk1986bv,"IEEE  TRANSACTIONS ON MAGNETICS, VOX,, MAG-22, NO. 5, SEPTEMBER 1986 ",,0.0,0.0,0.0,2.0,0.0,0.0,0.0,0.0,0.6,0.0,11.4,2.0,1.0,0.0,0.8774,1.215,9.354983395519999e-28,4.275795937719736e+27,28.1,1.4002327973549975,8.5,648.0,83
84,Nd2Fe11.6Mn0.4Co2B,jurczyk1986bv,"IEEE  TRANSACTIONS ON MAGNETICS, VOX,, MAG-22, NO. 5, SEPTEMBER 1986 ",,0.0,0.0,0.0,2.0,0.0,0.0,0.0,0.0,0.4,0.0,11.6,2.0,1.0,0.0,0.8781999999999999,1.2159,9.37744928316e-28,4.265552261832213e+27,29.7,1.4764157593342355,8.1,673.0,84
85,Nd2Fe11.8Mn0.2Co2B,jurczyk1986bv,"IEEE  TRANSACTIONS ON MAGNETICS, VOX,, MAG-22, NO. 5, SEPTEMBER 1986 ",,0.0,0.0,0.0,2.0,0.0,0.0,0.0,0.0,0.2,0.0,11.8,2.0,1.0,0.0,0.8788,1.2165,9.3949010376e-28,4.257628668988972e+27,31.2,1.5481011425529396,7.9,693.0,85
86,Nd2Fe11Co3B,herbst1991,"Reviews of Modern Physics, Yol. 63, No. 4, October 1991",https://doi.org/10.1103/RevModPhys.63.819,0.0,0.0,0.0,2.0,0.0,0.0,0.0,0.0,0.0,0.0,11.0,3.0,1.0,0.0,0.8757017196142103,1.202499378187348,9.221408589974705e-28,4.33773209480025e+27,33.9714953177943,1.7173323261802167,6.937114826345129,762.6387063830941,86
87,Nd2Fe11MnCo2B,jurczyk1986bv,"IEEE  TRANSACTIONS ON MAGNETICS, VOX,, MAG-22, NO. 5, SEPTEMBER 1986 ",,0.0,0.0,0.0,2.0,0.0,0.0,0.0,0.0,1.0,0.0,11.0,2.0,1.0,0.0,0.8763,1.214,9.3223265166e-28,4.2907744036612686e+27,25.5,1.275125166313876,7.0,593.0,87
88,Nd2Fe12.6Co1.4B,KuYen1987,"Journal of the Less-Common Metals, 127 (1987) 43-48 ",,0.0,0.0,0.0,2.0,0.0,0.0,0.0,0.0,0.0,0.0,12.6,1.4,1.0,0.0,0.8796,1.217,9.415882267199998e-28,4.248141476804468e+27,31.2,1.5446515385122148,4.1,668.0,88
89,Nd2Fe12.6Mn1.4B,KuYen1987,"Journal of the Less-Common Metals, 127 (1987) 43-48 ",,0.0,0.0,0.0,2.0,0.0,0.0,0.0,0.0,1.4,0.0,12.6,0.0,1.0,0.0,0.8827,1.225,9.544701302500001e-28,4.1908068919373066e+27,15.5,0.7570181693288405,2.7,350.0,89
90,Nd2Fe12.6Ni1.4B,KuYen1987,"Journal of the Less-Common Metals, 127 (1987) 43-48 ",,0.0,0.0,0.0,2.0,0.0,0.0,0.0,0.0,0.0,1.4,12.6,0.0,1.0,0.0,0.8799,1.22,9.445532921999999e-28,4.2348060538579326e+27,26.7,1.317715766158033,4.1,670.0,90
91,Nd2Fe12Co2B,AbacheOesterreicher1986a,"J. Appl. Phys. 60 (3), 1 August 1986 ",,0.0,0.0,0.0,2.0,0.0,0.0,0.0,0.0,0.0,0.0,12.0,2.0,1.0,0.0,0.879,1.2194,9.421584353999999e-28,4.245570436676897e+27,31.3,1.5486645017105565,5.63,734.0,91
92,Nd2Fe12Co2B,HuangEtal1986b,Journal of Magnetism and Magnetic Materials 60 (1986) 270-274 ,,0.0,0.0,0.0,2.0,0.0,0.0,0.0,0.0,0.0,0.0,12.0,2.0,1.0,0.0,0.88,1.218,9.432192e-28,4.240795776845932e+27,32.3,1.59634529526346,6.74,727.0,92
93,Nd2Fe12Co2B,JurczykWallace1986a,,,0.0,0.0,0.0,2.0,0.0,0.0,0.0,0.0,0.0,0.0,12.0,2.0,1.0,0.0,0.8794,1.2172,9.413147549920001e-28,4.2493756512230527e+27,32.4,1.6045272265790669,7.0,723.0,93
94,Nd2Fe12Co2B,jurczyk1986bv,"IEEE  TRANSACTIONS ON MAGNETICS, VOX,, MAG-22, NO. 5, SEPTEMBER 1986 ",,0.0,0.0,0.0,2.0,0.0,0.0,0.0,0.0,0.0,0.0,12.0,2.0,1.0,0.0,0.8794,1.2172,9.413147549920001e-28,4.2493756512230543e+27,32.4,1.6045272265790669,7.0,723.0,94
95,Nd2Fe12Co2B,kowalczyk1989,Journal of Magnetism and Magnetic Materials 79 (1989) 109-112 ,,0.0,0.0,0.0,2.0,0.0,0.0,0.0,0.0,0.0,0.0,12.0,2.0,1.0,0.0,0.8794,1.2172,9.413147549920001e-28,4.2493756512230543e+27,32.4,1.6045272265790669,6.7,723.0,95
96,Nd2Fe12Co2B,herbst1991,"Reviews of Modern Physics, Yol. 63, No. 4, October 1991",https://doi.org/10.1103/RevModPhys.63.819,0.0,0.0,0.0,2.0,0.0,0.0,0.0,0.0,0.0,0.0,12.0,2.0,1.0,0.0,0.875634479742807,1.201366252124899,9.211304448742466e-28,4.342490276223669e+27,34.253286645839,1.7334769017955185,7.061083667064049,708.36651490034,96
97,Nd2Fe12Mn2B,AbacheOesterreicher1986a,"J. Appl. Phys. 60 (3), 1 August 1986 ",,0.0,0.0,0.0,2.0,0.0,0.0,0.0,0.0,2.0,0.0,12.0,0.0,1.0,0.0,0.8809,1.2208,9.47322256048e-28,4.222427979985433e+27,12.3,0.6052632671100011,5.15,381.0,97
98,Nd2Fe12Mn2B,HuangEtal1986a,"Journal of the Less-Common Metals, 124 (1986) 55 - 60 ",,0.0,0.0,0.0,2.0,0.0,0.0,0.0,0.0,2.0,0.0,12.0,0.0,1.0,0.0,0.8786,1.2188,9.408379856479999e-28,4.251529020955727e+27,14.3,0.7085298326943674,5.06,324.0,98
99,Nd2Fe13.5Co0.5B,herbst1991,"Reviews of Modern Physics, Yol. 63, No. 4, October 1991",https://doi.org/10.1103/RevModPhys.63.819,0.0,0.0,0.0,2.0,0.0,0.0,0.0,0.0,0.0,0.0,13.5,0.5,1.0,0.0,0.8755336199357017,1.1996665630312249,9.196153444160175e-28,4.3496446903461753e+27,33.4938879919485,1.697838202982187,7.2708770898191295,614.887331171128,99
100,Nd2Fe13.85Re0.15B,jurczyk1990,Journal of the Less-Common Metals. 158 ( 1990) 117- 122 ,,,,,,,,,,0.0,0.0,13.85,0.0,1.0,0.0,0.8800266666666658,1.21954054054054,9.413272134646717e-28,4.249319410704704e+27,30.0,1.485653695045638,7.8,571.0,100
101,Nd2Fe13.8Re0.2B,jurczyk1990,Journal of the Less-Common Metals. 158 ( 1990) 117- 122 ,,,,,,,,,,0.0,0.0,13.8,0.0,1.0,0.0,0.8798,1.21902702702702,9.413272134646717e-28,4.249319410704704e+27,29.3,1.4509884421612396,8.0,568.0,101
102,Nd2Fe13.95Re0.05B,jurczyk1990,Journal of the Less-Common Metals. 158 ( 1990) 117- 122 ,,,,,,,,,,0.0,0.0,13.95,0.0,1.0,0.0,0.880426666666666,1.22009459459459,9.413272134646717e-28,4.249319410704704e+27,31.4,1.554984200814434,7.3,586.0,102
103,Nd2Fe13.9Re0.1B,jurczyk1990,Journal of the Less-Common Metals. 158 ( 1990) 117- 122 ,,,,,,,,,,0.0,0.0,13.9,0.0,1.0,0.0,0.88012,1.21982432432432,9.413272134646717e-28,4.249319410704704e+27,30.8,1.5252711269135215,7.5,580.0,103
104,Nd2Fe13CoB,AbacheOesterreicher1986a,"J. Appl. Phys. 60 (3), 1 August 1986 ",,0.0,0.0,0.0,2.0,0.0,0.0,0.0,0.0,0.0,0.0,13.0,1.0,1.0,0.0,0.8809,1.2218,9.48098240858e-28,4.218972072324616e+27,29.8,1.4652099870868316,6.11,676.0,104
105,Nd2Fe13CoB,AbacheOesterreicher1985," J. Appl. Phys. 57, 4112 (1985)", 10.1063/1.334635 ,0.0,0.0,0.0,2.0,0.0,0.0,0.0,0.0,0.0,0.0,13.0,1.0,1.0,0.0,0.8807,1.2219,9.477453395310002e-28,4.220543043745732e+27,30.5,1.5001860709227062,6.0,643.0,105
106,Nd2Fe13CoB,herbst1991,"Reviews of Modern Physics, Yol. 63, No. 4, October 1991",https://doi.org/10.1103/RevModPhys.63.819,0.0,0.0,0.0,2.0,0.0,0.0,0.0,0.0,0.0,0.0,13.0,1.0,1.0,0.0,0.8755672398714035,1.2002331260624493,9.201203084770028e-28,4.3472575957168687e+27,33.9904984392648,1.7220662834210887,7.17551644311228,650.0398123252152,106
107,Nd2Fe13MnB,HuangEtal1986a,"Journal of the Less-Common Metals, 124 (1986) 55 - 60 ",,0.0,0.0,0.0,2.0,0.0,0.0,0.0,0.0,1.0,0.0,13.0,0.0,1.0,0.0,0.8797,1.2196,9.438144009639999e-28,4.238121389029931e+27,24.0,1.1853909001620722,6.82,496.0,107
108,Nd2Fe14B,AbacheOesterreicher1986b,"J. Appl. Phys. 60, 3671 (1986)",10.1063/1.337574 ,0.0,0.0,0.0,2.0,0.0,0.0,0.0,0.0,0.0,0.0,14.0,0.0,1.0,0.0,0.8797,1.2226,9.46136017234e-28,4.227721941813269e+27,30.0,1.4781027542099447,7.6,600.0,108
109,Nd2Fe14B,AbacheOesterreicher1985," J. Appl. Phys. 57, 4112 (1985)", 10.1063/1.334635 ,0.0,0.0,0.0,2.0,0.0,0.0,0.0,0.0,0.0,0.0,14.0,0.0,1.0,0.0,0.8797,1.2226,9.46136017234e-28,4.2277219418132694e+27,30.0,1.4781027542099452,6.3,596.0,109
110,Nd2Fe14B,AbacheOesterreicher1986a,"J. Appl. Phys. 60 (3), 1 August 1986 ",,0.0,0.0,0.0,2.0,0.0,0.0,0.0,0.0,0.0,0.0,14.0,0.0,1.0,0.0,0.88,1.2186,9.4368384e-28,4.238707743474764e+27,30.0,1.4819436273602011,7.6,600.0,110
112,Nd2Fe14B,ChenEtAl1988b," Journal of Applied Physics 64, 5546 (1988)", https://doi.org/10.1063/1.342331,0.0,0.0,0.0,2.0,0.0,0.0,0.0,0.0,0.0,0.0,14.0,0.0,1.0,0.0,0.8792,1.219,9.422780281599999e-28,4.2450315941366663e+27,31.4,1.553415129070265,6.6,589.0,112
113,Nd2Fe14B,QuanEtal1989,"Solid State Communications, Vol. 72, No. 9, pp. 955-957, 1989. ",,0.0,0.0,0.0,2.0,0.0,0.0,0.0,0.0,0.0,0.0,14.0,0.0,1.0,0.0,0.8805,1.2205,9.462295451249997e-28,4.2273040623262167e+27,32.16,1.58436953365663,7.92258064516129,585.39417971314,113
114,Nd2Fe14B,NdLaFeB,"JOURNAL OF RARE EARTHS, Vol. 33, No. 9, Sep. 2015, P. 961",,0.0,0.0,0.0,2.0,0.0,0.0,0.0,0.0,0.0,0.0,14.0,0.0,1.0,0.0,,,,,,1.58522760075052,6.761635302643997,582.340131548825,114
115,Nd2Fe14B,HuangEtal1986b,Journal of Magnetism and Magnetic Materials 60 (1986) 270-274 ,,0.0,0.0,0.0,2.0,0.0,0.0,0.0,0.0,0.0,0.0,14.0,0.0,1.0,0.0,0.8807,1.2203,9.46504327547e-28,4.226076821398763e+27,32.2,1.58587960751244,7.07,589.0,115
116,Nd2Fe14B,jurczyk1986bv,"IEEE  TRANSACTIONS ON MAGNETICS, VOX,, MAG-22, NO. 5, SEPTEMBER 1986 ",,0.0,0.0,0.0,2.0,0.0,0.0,0.0,0.0,0.0,0.0,14.0,0.0,1.0,0.0,0.8807,1.2203,9.46504327547e-28,4.226076821398763e+27,32.2,1.58587960751244,7.07,589.0,116
117,Nd2Fe14B,JurczykWallace1986a,,,0.0,0.0,0.0,2.0,0.0,0.0,0.0,0.0,0.0,0.0,14.0,0.0,1.0,0.0,0.8807,1.2203,9.46504327547e-28,4.226076821398763e+27,32.2,1.58587960751244,7.07,589.0,117
118,Nd2Fe14B,KowalczykWrzeciono1988a,"phys. stat. sol. (a) 110, 241 (1988) ",,0.0,0.0,0.0,2.0,0.0,0.0,0.0,0.0,0.0,0.0,14.0,0.0,1.0,0.0,0.8807,1.2203,9.46504327547e-28,4.226076821398763e+27,32.2,1.58587960751244,7.1,585.0,118
119,Nd2Fe14B,KowalczykWrzeciono1988b,Journal of Magnetism and Magnetic Materials 74 (1988) 260-262 ,,0.0,0.0,2.0,0.0,0.0,0.0,0.0,0.0,0.0,0.0,14.0,0.0,1.0,0.0,0.8807,1.2203,9.46504327547e-28,4.226076821398763e+27,32.2,1.58587960751244,7.1,585.0,119
120,Nd2Fe14B,KuEtal1986,Journal of Magnetism and Magnetic Materials 54-57 (1986) 533-534 ,,0.0,0.0,0.0,2.0,0.0,0.0,0.0,0.0,0.0,0.0,14.0,0.0,1.0,0.0,0.8792,1.219,9.422780281599999e-28,4.2450315941366663e+27,32.1,1.5880454026482644,7.121794839154384,585.0,120
121,Nd2Fe14B,KuYen1987,"Journal of the Less-Common Metals, 127 (1987) 43-48 ",,0.0,0.0,0.0,2.0,0.0,0.0,0.0,0.0,0.0,0.0,14.0,0.0,1.0,0.0,0.8792,1.219,9.422780281599999e-28,4.2450315941366663e+27,32.1,1.5880454026482644,6.3,585.0,121
122,Nd2Fe14B,PedziwiatrWallaceBruzo1987,"IEEE TRANSACTIONS ON MAGNETICS, VOL. MAG-23, NO. 2. MARCH 1987, 1795",,0.0,0.0,0.0,2.0,0.0,0.0,0.0,0.0,0.0,0.0,14.0,0.0,0.0,0.0,0.879153222606428,1.21771495034445,9.41184535741764e-28,4.249963581103179e+27,32.1081081081081,1.5902920235656943,8.56546732617097,589.166666666666,122
123,Nd2Fe14B,PedziwiatrEtal1988,"Journal of Applied Physics 63, 3710 (1988)",10.1063/1.340643,0.0,0.0,0.0,2.0,0.0,0.0,0.0,0.0,0.0,0.0,14.0,0.0,1.0,0.0,0.8792,1.2201,9.43128320064e-28,4.241204420336528e+27,32.2,1.591556397518848,7.1,589.0,123
125,Nd2Fe14B,MagnetizationandmagneticanisotropyofR2Fe14Bmeasuredonsinglecrystals,"J. Appl. Phys. 59 (3) 1 February 1986, 873",,0.0,0.0,0.0,2.0,0.0,0.0,0.0,0.0,0.0,0.0,14.0,0.0,1.0,0.0,0.881,1.221,9.47692581e-28,4.220778003536992e+27,,1.6,6.7,586.0,125
126,Nd2Fe14B,SagawaHirosawaEtal1987d,Japanes journal of applied physics 26 (1987) 785,,0.0,0.0,0.0,2.0,0.0,0.0,0.0,0.0,0.0,0.0,14.0,0.0,1.0,0.0,0.811,1.221,,,,1.6,6.7,586.0,126
127,Nd2Fe14B,herbst1991,"Reviews of Modern Physics, Yol. 63, No. 4, October 1991",https://doi.org/10.1103/RevModPhys.63.819,0.0,0.0,0.0,2.0,0.0,0.0,0.0,0.0,0.0,0.0,14.0,0.0,1.0,0.0,0.88,1.22,9.44768e-28,4.233843652621596e+27,32.5,1.603596622671778,7.3,585.0,127
128,Nd2Fe14B,HuangEtal1986a,"Journal of the Less-Common Metals, 124 (1986) 55 - 60 ",,0.0,0.0,0.0,2.0,0.0,0.0,0.0,0.0,0.0,0.0,14.0,0.0,1.0,0.0,0.8707,1.2203,9.251319933469999e-28,4.323707350697657e+27,32.2,1.622516486591821,7.07,589.0,128
131,Nd2Fe2Co12B,herbst1991,"Reviews of Modern Physics, Yol. 63, No. 4, October 1991",https://doi.org/10.1103/RevModPhys.63.819,0.0,0.0,0.0,2.0,0.0,0.0,0.0,0.0,0.0,0.0,2.0,12.0,1.0,0.0,0.876306878456841,1.2126975127493913,9.312470888474276e-28,4.295315440879027e+27,25.999685860957495,1.301487854029883,4.18119213651693,989.684210331398,131
132,Nd2Fe3Co11B,herbst1991,"Reviews of Modern Physics, Yol. 63, No. 4, October 1991",https://doi.org/10.1103/RevModPhys.63.819,0.0,0.0,0.0,2.0,0.0,0.0,0.0,0.0,0.0,0.0,3.0,11.0,1.0,0.0,0.8762396385854376,1.211564386686942,9.302341738071528e-28,4.299992531589407e+27,27.1778793921229,1.3619470517529666,4.56740275567971,980.636228966663,132
134,Nd2Fe4Co10B,HuangEtal1986b,Journal of Magnetism and Magnetic Materials 60 (1986) 270-274 ,,0.0,0.0,0.0,2.0,0.0,0.0,0.0,0.0,0.0,0.0,4.0,10.0,1.0,0.0,0.8695,1.1997,9.07009490925e-28,4.410097182026904e+27,26.5,1.3619808125297317,5.53,971.0,134
135,Nd2Fe4Co10B,herbst1991,"Reviews of Modern Physics, Yol. 63, No. 4, October 1991",https://doi.org/10.1103/RevModPhys.63.819,0.0,0.0,0.0,2.0,0.0,0.0,0.0,0.0,0.0,0.0,4.0,10.0,1.0,0.0,0.8761723987140341,1.210431260624493,9.292215367695042e-28,4.304678531135045e+27,28.2610573159362,1.4177709902215343,5.04897402154934,969.364918630099,135
136,Nd2Fe5Co9B,herbst1991,"Reviews of Modern Physics, Yol. 63, No. 4, October 1991",https://doi.org/10.1103/RevModPhys.63.819,0.0,0.0,0.0,2.0,0.0,0.0,0.0,0.0,0.0,0.0,5.0,9.0,1.0,0.0,0.8761051588426308,1.2092981345620435,9.28209177703744e-28,4.3093734646057086e+27,29.2967274360736,1.471330369610801,5.50193709340692,956.391218322362,136
137,Nd2Fe6Co8B,herbst1991,"Reviews of Modern Physics, Yol. 63, No. 4, October 1991",https://doi.org/10.1103/RevModPhys.63.819,0.0,0.0,0.0,2.0,0.0,0.0,0.0,0.0,0.0,0.0,6.0,8.0,1.0,0.0,0.8760379189712275,1.2081650084995943,9.271970965791329e-28,4.314077357185311e+27,30.2658866310644,1.5216623140311047,5.87384361556366,939.26963897784,137
138,Nd2Fe7Co7B,AbacheOesterreicher1985," J. Appl. Phys. 57, 4112 (1985)", 10.1063/1.334635 ,0.0,0.0,0.0,2.0,0.0,0.0,0.0,0.0,0.0,0.0,7.0,7.0,1.0,0.0,0.8731,1.2086,9.213201430459998e-28,4.34159616523253e+27,28.0,1.4167212623327836,4.8,902.0,138
139,Nd2Fe7Co7B,AbacheOesterreicher1986a,"J. Appl. Phys. 60 (3), 1 August 1986 ",,0.0,0.0,0.0,2.0,0.0,0.0,0.0,0.0,0.0,0.0,7.0,7.0,1.0,0.0,0.8730999999999999,1.2086,9.213201430459998e-28,4.34159616523253e+27,28.0,1.4167212623327836,4.85,950.0,139
140,Nd2Fe7Co7B,herbst1991,"Reviews of Modern Physics, Yol. 63, No. 4, October 1991",https://doi.org/10.1103/RevModPhys.63.819,0.0,0.0,0.0,2.0,0.0,0.0,0.0,0.0,0.0,0.0,7.0,7.0,1.0,0.0,0.875970679099824,1.2070318824371449,9.261852933649327e-28,4.318790234152349e+27,31.197039583114496,1.570190878710535,6.19806981436698,916.2462718550609,140
141,Nd2Fe8Co6B,HuangEtal1986b,Journal of Magnetism and Magnetic Materials 60 (1986) 270-274 ,,0.0,0.0,0.0,2.0,0.0,0.0,0.0,0.0,0.0,0.0,8.0,6.0,1.0,0.0,0.8746,1.2099,9.25482951084e-28,4.322067732652317e+27,31.0,1.531235918115352,6.35,880.0,141
142,Nd2Fe8Co6B,herbst1991,"Reviews of Modern Physics, Yol. 63, No. 4, October 1991",https://doi.org/10.1103/RevModPhys.63.819,0.0,0.0,0.0,2.0,0.0,0.0,0.0,0.0,0.0,0.0,8.0,6.0,1.0,0.0,0.8759034392284206,1.2058987563746957,9.251737680304049e-28,4.323512120880349e+27,32.0331769278126,1.6140376045830511,6.44123946346947,886.8710116191788,142
143,Nd2Fe9Co5B,herbst1991,"Reviews of Modern Physics, Yol. 63, No. 4, October 1991",https://doi.org/10.1103/RevModPhys.63.819,0.0,0.0,0.0,2.0,0.0,0.0,0.0,0.0,0.0,0.0,9.0,5.0,1.0,0.0,0.8758361993570171,1.2047656303122465,9.241625205448112e-28,4.328243042838314e+27,32.7933017866289,1.654145626167418,6.63196075688318,850.508210900509,143
144,Nd2FeCo13B,herbst1991,"Reviews of Modern Physics, Yol. 63, No. 4, October 1991",https://doi.org/10.1103/RevModPhys.63.819,0.0,0.0,0.0,2.0,0.0,0.0,0.0,0.0,0.0,0.0,1.0,13.0,1.0,0.0,0.8763741183282445,1.2138306388118407,9.32260281921068e-28,4.29064723400784e+27,24.802489208321695,1.2402094446852223,4.50065030298491,995.827043508153,144
146,NdGdFe14B,AbacheOesterreicher1986b,"J. Appl. Phys. 60, 3671 (1986)",10.1063/1.337580,0.0,0.0,0.0,1.0,0.0,1.0,0.0,0.0,0.0,0.0,14.0,0.0,1.0,0.0,0.8788,1.2128,9.36632632832e-28,4.270617806584008e+27,24.5,1.219365060030969,5.0,636.0,146
147,NdLaFe14B,NdLaFeB,"JOURNAL OF RARE EARTHS, Vol. 33, No. 9, Sep. 2015, P. 961",,1.0,0.0,0.0,1.0,0.0,0.0,0.0,0.0,0.0,0.0,14.0,0.0,1.0,0.0,,,,,,1.3939002605163,4.9640141739660475,563.291906610078,147
148,NdTbFe14B,AbacheOesterreicher1986b,"J. Appl. Phys. 60, 3671 (1986)",10.1063/1.337583,0.0,0.0,0.0,1.0,0.0,0.0,1.0,0.0,0.0,0.0,14.0,0.0,1.0,0.0,0.8769,1.2098,9.30280077378e-28,4.2997803535404346e+27,20.9,1.0472961637042364,11.0,622.0,148
149,Pr1.9Dy0.1Fe13CoB,jurczyk1989a,Journal of Magnetism and Magnetic Materials 78 (1989) 279-282,,0.0,0.0,1.9,0.0,0.0,0.0,0.1,0.1,0.0,0.0,13.0,1.0,1.0,0.0,0.880331168831168,1.22181134068534,9.46882977693332e-28,4.22438685057393e+27,30.7,1.5113985915332613,8.4,632.0,149
150,Pr2Co14B,PedziwiatrYangWallace1986,Journal of Magnetism and Magnetic Materials 62 (1986) 29-3,,0.0,0.0,2.0,0.0,0.0,0.0,0.0,0.0,0.0,0.0,0.0,14.0,1.0,0.0,0.863581081081081,1.18921249630626,8.86881719057366e-28,4.510184294080898e+27,20.9,1.0985441860770169,13.7,986.0,150
151,Pr2Co14B,Pourarian1987,Mat. Res. Soc. Symp. Proc. Voa. 96. r'1987 Materials Research Society,,0.0,0.0,2.0,0.0,0.0,0.0,0.0,0.0,0.0,0.0,0.0,14.0,1.0,0.0,0.8649,1.189,8.894338398899998e-28,4.497242875866628e+27,21.0,1.1006331591483325,14.0,988.0,151
152,Pr2Co14B,PedziwiatrChenEtal1987,"IEEE  TRANSACTIONS  ON  MAGNETICS, VOL. MAG-23, NO. 5, SEPTEMBER 1987, 217",,0.0,0.0,2.0,0.0,0.0,0.0,0.0,0.0,0.0,0.0,0.0,14.0,1.0,0.0,0.8630000000000001,1.1869999999999998,8.840408029999999e-28,4.5246780311790647e+27,20.9,1.1020744211152205,13.0,986.0,152
153,Pr2Co14B,PedziwiatrYangWallace1987x,"Journal of Applied Physics 61, 3439 (1987)", https://doi.org/10.1063/1.338746 ,0.0,0.0,2.0,0.0,0.0,0.0,0.0,0.0,0.0,0.0,0.0,14.0,1.0,0.0,0.863,1.187,8.840408029999999e-28,4.5246780311790647e+27,20.9,1.1020744211152205,13.7,986.0,153
154,Pr2Fe11.2Mn0.8Co2B,jurczyk1986yxcvycv,"Journal of the Less-Common Metals, 124 (1986) 149 - 154 ",,0.0,0.0,2.0,0.0,0.0,0.0,0.0,0.0,0.8,0.0,11.2,2.0,1.0,0.0,0.8778,1.2185,9.388942655399997e-28,4.260330632331024e+27,25.1,1.2462178911549906,9.4,596.0,154
155,Pr2Fe11.4Mn0.6Co2B,jurczyk1986yxcvycv,"Journal of the Less-Common Metals, 124 (1986) 149 - 154 ",,0.0,0.0,2.0,0.0,0.0,0.0,0.0,0.0,0.6,0.0,11.4,2.0,1.0,0.0,0.8785,1.219,9.407781827499998e-28,4.251799279940306e+27,26.5,1.3130932945438885,10.3,618.0,155
156,Pr2Fe11.6Mn0.4Co2B,jurczyk1986yxcvycv,"Journal of the Less-Common Metals, 124 (1986) 149 - 154 ",,0.0,0.0,2.0,0.0,0.0,0.0,0.0,0.0,0.4,0.0,11.6,2.0,1.0,0.0,0.879,1.2195,9.422356995e-28,4.245222296419686e+27,28.0,1.3852731718415958,9.8,646.0,156
157,Pr2Fe11.8Mn0.2Co2B,jurczyk1986yxcvycv,"Journal of the Less-Common Metals, 124 (1986) 149 - 154 ",,0.0,0.0,2.0,0.0,0.0,0.0,0.0,0.0,0.2,0.0,11.8,2.0,1.0,0.0,0.8797,1.2202,9.44278724218e-28,4.2360374086714504e+27,29.3,1.4464531202481676,9.2,672.0,157
158,Pr2Fe11Co3B,PedziwiatrYangWallace1986,Journal of Magnetism and Magnetic Materials 62 (1986) 29-3,,0.0,0.0,2.0,0.0,0.0,0.0,0.0,0.0,0.0,0.0,11.0,3.0,1.0,0.0,0.877094594594594,1.21815756640509,9.371224371783112e-28,4.268385689327913e+27,29.6,1.4724220814871425,7.6,747.0,158
159,Pr2Fe11MnCo2B,jurczyk1986yxcvycv,"Journal of the Less-Common Metals, 124 (1986) 149 - 154 ",,0.0,0.0,2.0,0.0,0.0,0.0,0.0,0.0,1.0,0.0,11.0,2.0,1.0,0.0,0.8772,1.2175,9.368417052e-28,4.269664744639082e+27,23.5,1.1693340422918757,7.2,569.0,159
161,Pr2Fe12Co2B,JurczykWallace1986a,,,0.0,0.0,2.0,0.0,0.0,0.0,0.0,0.0,0.0,0.0,12.0,2.0,1.0,0.0,0.8804,1.2208,9.462471585280005e-28,4.2272253754742834e+27,30.9,1.5222670182275675,7.7,688.0,161
162,Pr2Fe12Co2B,jurczyk1986yxcvycv,"Journal of the Less-Common Metals, 124 (1986) 149 - 154 ",,0.0,0.0,2.0,0.0,0.0,0.0,0.0,0.0,0.0,0.0,12.0,2.0,1.0,0.0,0.8804,1.2208,9.46247158528e-28,4.2272253754742845e+27,30.9,1.5222670182275684,7.7,688.0,162
163,Pr2Fe12Mn2B,HuangEtal1986a,"Journal of the Less-Common Metals, 124 (1986) 55 - 60 ",,0.0,0.0,2.0,0.0,0.0,0.0,0.0,0.0,2.0,0.0,12.0,0.0,1.0,0.0,0.879,1.2228,9.447854148e-28,4.233765612106485e+27,12.4,0.6118225106884158,4.56,366.0,163
164,Pr2Fe13CoB,PedziwiatrYangWallace1986,Journal of Magnetism and Magnetic Materials 62 (1986) 29-3,,0.0,0.0,2.0,0.0,0.0,0.0,0.0,0.0,0.0,0.0,13.0,1.0,1.0,0.0,0.879527027027027,1.22087172078668,9.444270404741778e-28,4.2353721659554345e+27,30.3,1.4955852119089454,7.9,631.0,164
165,Pr2Fe13CoB,jurczyk1989a,Journal of Magnetism and Magnetic Materials 78 (1989) 279-282,,0.0,0.0,2.0,0.0,0.0,0.0,0.0,0.0,0.0,0.0,13.0,1.0,1.0,0.0,0.881,1.22315916677229,9.493684420411474e-28,4.213327326743637e+27,31.2,1.531992889842654,7.9,628.0,165
166,Pr2Fe13MnB,HuangEtal1986a,"Journal of the Less-Common Metals, 124 (1986) 55 - 60 ",,0.0,0.0,2.0,0.0,0.0,0.0,0.0,0.0,1.0,0.0,13.0,0.0,1.0,0.0,0.88,1.2237,9.476332800000001e-28,4.221042131403404e+27,22.3,1.09698706234958,7.08,471.0,166
167,Pr2Fe14B,AbacheOesterreicher1985," J. Appl. Phys. 57, 4112 (1985)", 10.1063/1.334635 ,0.0,0.0,2.0,0.0,0.0,0.0,0.0,0.0,0.0,0.0,14.0,0.0,1.0,0.0,0.8803,1.2232,9.478920396880001e-28,4.2198898529800983e+27,28.8,1.4163499075859658,5.9,570.0,167
168,Pr2Fe14B,Kowalczyk1989xxx,Journal of Magnetism and Magnetic Materials 82 (1989) L1-L4 ,,0.0,0.0,2.0,0.0,0.0,0.0,0.0,0.0,0.0,0.0,14.0,0.0,1.0,0.0,0.8903571428571418,1.21972078018392,9.669163794848569e-28,4.136862385277904e+27,30.5,1.4704418989197443,8.0,564.0,168
169,Pr2Fe14B,HuangEtal1986a,"Journal of the Less-Common Metals, 124 (1986) 55 - 60 ",,0.0,0.0,2.0,0.0,0.0,0.0,0.0,0.0,0.0,0.0,14.0,0.0,1.0,0.0,0.8814,1.2253,9.51893860788e-28,4.2021491731112815e+27,30.1,1.4740591693829683,7.93,566.0,169
170,Pr2Fe14B,jurczyk1989a,Journal of Magnetism and Magnetic Materials 78 (1989) 279-282,,0.0,0.0,2.0,0.0,0.0,0.0,0.0,0.0,0.0,0.0,14.0,0.0,1.0,0.0,0.881454545454545,1.22524637681159,9.519700171843292e-28,4.2018130064966976e+27,31.0,1.518012579467633,8.0,566.0,170
171,Pr2Fe14B,jurczyk1986yxcvycv,"Journal of the Less-Common Metals, 124 (1986) 149 - 154 ",,0.0,0.0,2.0,0.0,0.0,0.0,0.0,0.0,0.0,0.0,14.0,0.0,1.0,0.0,0.8814,1.2253,9.51893860788e-28,4.2021491731112815e+27,31.0,1.5181340282681732,7.93,566.0,171
172,Pr2Fe14B,JurczykWallace1986a,,,0.0,0.0,2.0,0.0,0.0,0.0,0.0,0.0,0.0,0.0,14.0,0.0,1.0,0.0,0.8814,1.2253,9.51893860788e-28,4.2021491731112815e+27,31.0,1.5181340282681732,7.93,566.0,172
173,Pr2Fe14B,PedziwiatrEtal1988,"Journal of Applied Physics 63, 3710 (1988)",10.1063/1.340643,0.0,0.0,2.0,0.0,0.0,0.0,0.0,0.0,0.0,0.0,14.0,0.0,1.0,0.0,0.8814,1.2253,9.51893860788e-28,4.2021491731112815e+27,31.0,1.5181340282681732,8.0,566.0,173
175,Pr2Fe14B,MagnetizationandmagneticanisotropyofR2Fe14Bmeasuredonsinglecrystals,"J. Appl. Phys. 59 (3) 1 February 1986, 873",,0.0,0.0,2.0,0.0,0.0,0.0,0.0,0.0,0.0,0.0,14.0,0.0,1.0,0.0,0.881,1.227,9.52349547e-28,4.200138502297202e+27,,1.56,8.7,569.0,175
176,Pr2Fe14B,SagawaHirosawaEtal1987d,Japanes journal of applied physics 26 (1987) 785,,0.0,0.0,2.0,0.0,0.0,0.0,0.0,0.0,0.0,0.0,14.0,0.0,1.0,0.0,0.881,1.227,,,,1.56,8.67,569.0,176
177,Pr2Fe14B,herbst1991,"Reviews of Modern Physics, Yol. 63, No. 4, October 1991",https://doi.org/10.1103/RevModPhys.63.819,0.0,0.0,2.0,0.0,0.0,0.0,0.0,0.0,0.0,0.0,14.0,0.0,1.0,0.0,0.88,1.223,9.470912e-28,4.223458099916882e+27,31.9,1.5701307846063337,7.5,565.0,177
179,Pr2Fe2Co12B,PedziwiatrYangWallace1986,Journal of Magnetism and Magnetic Materials 62 (1986) 29-3,,0.0,0.0,2.0,0.0,0.0,0.0,0.0,0.0,0.0,0.0,2.0,12.0,1.0,0.0,0.866621621621621,1.19611928292346,8.983250953502945e-28,4.452730999839466e+27,22.7,1.1779565514327266,8.4,979.0,179
180,Pr2Fe4Co10B,PedziwiatrYangWallace1986,Journal of Magnetism and Magnetic Materials 62 (1986) 29-3,,0.0,0.0,2.0,0.0,0.0,0.0,0.0,0.0,0.0,0.0,4.0,10.0,1.0,0.0,0.868581081081081,1.20171454837968,9.06613225333976e-28,4.412024762297604e+27,24.5,1.2597401787729636,6.7,958.0,180
181,Pr2Fe6Co8B,PedziwiatrYangWallace1986,Journal of Magnetism and Magnetic Materials 62 (1986) 29-3,,0.0,0.0,2.0,0.0,0.0,0.0,0.0,0.0,0.0,0.0,6.0,8.0,1.0,0.0,0.871824324324324,1.2082297993893,9.183484695805068e-28,4.355645087345944e+27,26.2,1.3299359680435912,6.8,920.0,181
182,Pr2Fe7Co7B,PedziwiatrYangWallace1986,Journal of Magnetism and Magnetic Materials 62 (1986) 29-3,,0.0,0.0,2.0,0.0,0.0,0.0,0.0,0.0,0.0,0.0,7.0,7.0,1.0,0.0,0.873986486486486,1.21069868995633,9.247950740438204e-28,4.3252825542304567e+27,27.3,1.3761129637101954,6.8,893.0,182
183,Pr2Fe8Co6B,PedziwiatrYangWallace1986,Journal of Magnetism and Magnetic Materials 62 (1986) 29-3,,0.0,0.0,2.0,0.0,0.0,0.0,0.0,0.0,0.0,0.0,8.0,6.0,1.0,0.0,0.8746621621621619,1.21238401681058,9.275148701543079e-28,4.312599321814141e+27,27.8,1.3972073506130895,7.0,863.0,183
184,Pr2Fe9Co5B,PedziwiatrYangWallace1986,Journal of Magnetism and Magnetic Materials 62 (1986) 29-3,,0.0,0.0,2.0,0.0,0.0,0.0,0.0,0.0,0.0,0.0,9.0,5.0,1.0,0.0,0.8764189189189189,1.21537840233772,9.33544452213972e-28,4.2847450815156086e+27,28.8,1.4381177025149887,7.2,831.0,184
185,Tb2Co14B,pedziwiatr1987,Journal of Magnetism and Magnetic Materials 67 (1987) 311-315 ,,0.0,0.0,0.0,0.0,0.0,0.0,2.0,0.0,0.0,0.0,0.0,14.0,1.0,0.0,0.86,1.173,8.675508e-28,4.61068101141743e+27,6.17918454935622,0.3320268448678394,13.7148148148148,1033.0,185
186,Tb2Fe12Co2B,pedziwiatr1987,Journal of Magnetism and Magnetic Materials 67 (1987) 311-315 ,,0.0,0.0,0.0,0.0,0.0,0.0,2.0,0.0,0.0,0.0,12.0,2.0,1.0,0.0,0.8738,1.1987,9.15239143628e-28,4.37044244430372e+27,13.8927038626609,0.707602142501413,20.118518518518496,752.0,186
188,Tb2Fe14B,SagawaHirosawaEtal1987d,Japanes journal of applied physics 26 (1987) 785,,0.0,0.0,0.0,0.0,0.0,0.0,2.0,0.0,0.0,0.0,14.0,0.0,1.0,0.0,0.877,1.205,,,,0.664,22.0,620.0,188
189,Tb2Fe14B,MagnetizationandmagneticanisotropyofR2Fe14Bmeasuredonsinglecrystals,"J. Appl. Phys. 59 (3) 1 February 1986, 873",,0.0,0.0,0.0,0.0,0.0,0.0,2.0,0.0,0.0,0.0,14.0,0.0,1.0,0.0,0.877,1.205,9.268004449999999e-28,4.315923693800125e+27,,0.703,22.0,620.0,189
190,Tb2Fe14B,pedziwiatr1987,Journal of Magnetism and Magnetic Materials 67 (1987) 311-315 ,,0.0,0.0,0.0,0.0,0.0,0.0,2.0,0.0,0.0,0.0,14.0,0.0,1.0,0.0,0.8764,1.2031,9.24073390576e-28,4.3286605163543246e+27,13.9484978540772,0.7036519933336561,13.7,646.0,190
191,Tb2Fe14B,herbst1991,"Reviews of Modern Physics, Yol. 63, No. 4, October 1991",https://doi.org/10.1103/RevModPhys.63.819,0.0,0.0,0.0,0.0,0.0,0.0,2.0,0.0,0.0,0.0,14.0,0.0,1.0,0.0,0.877,1.205,9.268004449999999e-28,4.315923693800125e+27,14.0,0.7041719946890777,22.0,620.0,191
192,Tb2Fe14B,AbacheOesterreicher1985," J. Appl. Phys. 57, 4112 (1985)", 10.1063/1.334635 ,0.0,0.0,0.0,0.0,0.0,0.0,2.0,0.0,0.0,0.0,14.0,0.0,1.0,0.0,0.8761,1.2034,9.236711261139999e-28,4.3305456746585767e+27,14.0,0.70655766926488,13.9,645.0,192
193,Tb2Fe14B,AbacheOesterreicher1986b,"J. Appl. Phys. 60, 3671 (1986)",10.1063/1.337585,0.0,0.0,0.0,0.0,0.0,0.0,2.0,0.0,0.0,0.0,14.0,0.0,1.0,0.0,0.8761,1.2034,9.236711261139997e-28,4.330545674658578e+27,18.2,0.9185249700443444,13.9,633.0,193
195,Tb2Fe2Co12B,pedziwiatr1987,Journal of Magnetism and Magnetic Materials 67 (1987) 311-315 ,,0.0,0.0,0.0,0.0,0.0,0.0,2.0,0.0,0.0,0.0,2.0,12.0,1.0,0.0,0.8607,1.1785,8.730380914650001e-28,4.581701576488841e+27,7.30901287553648,0.3902675850710304,14.9074074074074,1035.0,195
196,Tb2Fe5Co9B,pedziwiatr1987,Journal of Magnetism and Magnetic Materials 67 (1987) 311-315 ,,0.0,0.0,0.0,0.0,0.0,0.0,2.0,0.0,0.0,0.0,5.0,9.0,1.0,0.0,0.8641,1.1865,8.859225430650001e-28,4.5150674077683113e+27,9.443133047210301,0.4968866204123386,17.0074074074074,1001.0,196
197,Tb2Fe9Co5B,pedziwiatr1987,Journal of Magnetism and Magnetic Materials 67 (1987) 311-315 ,,0.0,0.0,0.0,0.0,0.0,0.0,2.0,0.0,0.0,0.0,9.0,5.0,1.0,0.0,0.8698,1.1947,9.038527221879999e-28,4.425499754337196e+27,12.7070815450643,0.6553677909171159,20.274074074074,885.0,197
